{
	"code": "hadrosauroidea",
	"class": "EntityAgent",
	"variantgroups": [
		{"code": "type","states": ["shangtungosaurus", "magnapaulia", "edmontosaurus","hadrosaurus", "saurolophus", "hypacrosaurus", "parasaurolophus", "charonosaurus", "olorotitan","hypsibema","gryposaurus", "lambeosaurus", "brachylophosaurus", "corythosaurus", "maiasaura", "barsboldia", "amurosaurus", "arenysaurus", "bonapartesaurus", "pararhabdodon", "telmatosaurus", "secernosaurus", "probactrosaurus", "acristavus", "kazaklambia", "tanius", "canardia"]},
		{ "code": "age", "states": ["nest"] },
		{ "code": "state", "states": ["incubating","mature","empty"] }
	],
	"selectionBoxSizeByType": {
		"*": {"x": 1,"y": 0.5}
	},
	"collisionBoxSizeByType": {
		"*": {"x": 1,"y": 0.5}
	},
	"deadSelectionBoxSizeByType": {
		"*": {"x": 1,"y": 0.5}
	},
	"knockbackResistanceByType": {
		"*": 10.0
	},
	"eyeHeight": 0.6,
	"weightByType": {
		"*": 100
	},
	"drops": [],
	"attributes": {
	},
	"client": {
		"renderer": "Shape",
		"shapeByType": {
			"*-nest-empty": { "base": "entity/land/nest-empty" },
            "*": { "base": "entity/land/nest" },

		},
		"sizeByType": {
			"*": 1
		},
		"behaviors": [
			{
				"code": "controlledphysics",
				"stepHeight": 0
			},
			{ "code": "interpolateposition" },
			{"code": "despawn","minPlayerDistance": 8,"belowLightLevel": 8,"minSeconds": 300},
			{
				"code": "floatupwhenstuck",
				"onlyWhenDead": true
			},
			{ "code": "harvestable" }

		],
		"animations": [
			{"code": "die","animation": "Die","animationSpeed": 2.00,"weight": 10,"blendMode": "Average","triggeredBy": { "onControls": [ "dead" ] }},
			{"code": "idle","animation": "Idle","blendMode": "AddAverage","easeOutSpeed": 4,"triggeredBy": { "defaultAnim": true }},
			{"code": "sleep","animation": "Sleep","easeInSpeed": 4,"easeOutSpeed": 4,"blendMode": "Average"}
		]
	},
	"server": {
		"attributes": {
		},
		"behaviors": [
			{
				"code": "controlledphysics",
				"stepHeight": 0
			},
			{"code": "despawn","minPlayerDistance": 8,"belowLightLevel": 8,"minSeconds": 300},
			{
				"code": "health",
				"maxhealthByType": {
					"*": 20
				}
			},
			{
				"code": "deaddecay",
				"hoursToDecay": 24
			},
			{
				"code": "floatupwhenstuck",
				"onlyWhenDead": true
			},
			{
				"code": "harvestable",
				"drops": [
					{
						"type": "item",
						"code": "game:stick",
						"quantityByType": {
							"*": {"avg": 6,"var": 4}
						}
					},
					{
						"type": "item",
						"code": "hadrosauroidea:creature-hadrosauroidea-{type}-egg-raw",
						"quantityByType": {
							"*-incubating": {"avg": 10,"var": 20, "dist":"gaussian"},
							"*":{"avg": 0,"var": 0}
						}
					},
				]
			},
			{
				"code": "grow",
				"enabledByType": {
					"*-empty": false,
					"*": true
				},
				"hoursToGrowByType": {"*-incubating": 140,"*-mature": 2},
				"adultEntityCodesByType": {
					"*-incubating": ["hadrosauroidea:hadrosauroidea-{type}-nest-mature"],
					"*-mature": ["hadrosauroidea:hadrosauroidea-{type}-nest-empty"]
				}
			},
			{"code": "emotionstates","states": []},
			{
				"code": "taskai",
				"aitasks": [
					{
						"code": "bellalarm",
						"animation": "Idle",
						"enabledByType": {"*-mature": true,"*": false},
						"onNearbyEntityCodes": ["player"],
						"spawnMobs": [
							"hadrosauroidea:hadrosauroidea-{type}-baby-female",
							"hadrosauroidea:hadrosauroidea-{type}-baby-male"
						],
						"spawnMaxQuantity": 5,
						"spawnIntervalMsMin": 1000,
						"spawnIntervalMsMax": 4000,
						"spawnRange": 0.5,
						"seekingRange": 100,
						"priority": 1.9,
						"minduration": 2000,
						"maxduration": 8000,
						"mincooldown": 6000,
						"maxcooldown": 12000,
						"animationSpeed": 2.0
					},
					{
						"code": "idle",
						"animation": "Idle",
						"priority": 0.5,
						"minduration": 180000,
						"maxduration": 240000,
						"mincooldown": 3000,
						"maxcooldown": 3000
					},
				]
			}

		],
	"spawnconditions": {
		"worldgen": {
			"chanceByType": {"*-empty": 0.0},
			"triesPerChunk": { "avg": 0.0, "var": 0},
			"maxQuantityByGroup": { "code": "hadrosauroidea-*", "maxQuantity": 1 },
			"tryOnlySurface": true,
			"insideBlockCodes": [
				"game:air",
				"game:tallgrass-*",
				"game:gravel-*",
				"game:sand-*",
				"game:snowlayer-1",
				"game:soil-*"
			],
			"groupSizeByType": {
				"*": { "dist": "uniform", "avg": 2, "var": 1 }
			},
			"*":["hadrosauroidea:hadrosauroidea-{type}-adult-male","hadrosauroidea:hadrosauroidea-{type}-adult-female"]},

		"runtime": {
			"group": "neutral",
			"tryOnlySurface": true,
			"chanceByType": {"*-incubating": 0.00001,"*": 0.0},
			"TriesPerChunk": { "avg": 0.0, "var": 0 },
			"maxQuantityByGroup": { "code": "hadrosauroidea-*", "maxQuantity": 1 },
			"mindistancetoplayer": 100,
			"maxLightLevel": 7,
			"lightLevelType": "onlyBlockLight",
			"spawnCapPlayerScaling": 0.0,
			"groupSizeByType": {
				"*": { "dist": "uniform", "avg": 2, "var": 1 }
			},
			"insideBlockCodes": [
				"game:air",
				"game:tallgrass-*",
				"game:gravel-*",
				"game:sand-*",
				"game:snowlayer-1",
				"game:soil-*"
			],
			"companionsByType": {
			"*":["hadrosauroidea:hadrosauroidea-{type}-adult-male","hadrosauroidea:hadrosauroidea-{type}-adult-female"]}
		},
    },
	"spawnconditionsByType": {
			"*-shangtungosaurus-nest-incubating": {
				"climate": {
					"minTemp": 10,
					"maxTemp": 25,
					"minRain": 0.4,
					"maxRain": 0.8,
					"minForestOrShrubs": 0.6,
					"maxForest": 0.7,
					"maxShrubs": 0.6,
					"minY": 1,
					"maxY": 1.5
				},
				"worldgen": {
					"triesPerChunk": { "avg": 0.001, "var": 0}
				},
				"runtime": {
					"maxQuantityByGroup": { "code": "hadrosauroidea-*", "maxQuantity": 1 }
				}
			},
			"*-magnapaulia-nest-incubating": {
				"climate": {
					"minTemp": 15,
					"maxTemp": 30,
					"minRain": 0.5,
					"maxRain": 0.9,
					"minForestOrShrubs": 0.5,
					"maxForest": 0.6,
					"maxShrubs": 0.7,
					"minY": 1,
					"maxY": 1.5
				},
				"worldgen": {
					"triesPerChunk": { "avg": 0.001, "var": 0}
				},
				"runtime": {
					"maxQuantityByGroup": { "code": "hadrosauroidea-*", "maxQuantity": 1 }
				}
			},
			"*-edmontosaurus-nest-incubating": {
				"climate": {
					"minTemp": -5,
					"maxTemp": 20,
					"minRain": 0.3,
					"maxRain": 0.7,
					"minForestOrShrubs": 0.4,
					"maxForest": 0.6,
					"maxShrubs": 0.5,
					"minY": 1,
					"maxY": 1.5
				},
				"worldgen": {
					"triesPerChunk": { "avg": 0.001, "var": 0}
				},
				"runtime": {
					"maxQuantityByGroup": { "code": "hadrosauroidea-*", "maxQuantity": 1 }
				}
			},
			"*-hadrosaurus-nest-incubating": {
				"climate": {
					"minTemp": 15,
					"maxTemp": 25,
					"minRain": 0.3,
					"maxRain": 0.6,
					"minForestOrShrubs": 0.4,
					"maxForest": 0.5,
					"maxShrubs": 0.5,
					"minY": 1,
					"maxY": 1.5
				},
				"worldgen": {
					"triesPerChunk": { "avg": 0.001, "var": 0}
				},
				"runtime": {
					"maxQuantityByGroup": { "code": "hadrosauroidea-*", "maxQuantity": 1 }
				}
			},
			"*-saurolophus-nest-incubating": {
				"climate": {
					"minTemp": 5,
					"maxTemp": 25,
					"minRain": 0.3,
					"maxRain": 0.7,
					"minForestOrShrubs": 0.4,
					"maxForest": 0.6,
					"maxShrubs": 0.6,
					"minY": 1,
					"maxY": 1.5
				},
				"worldgen": {
					"triesPerChunk": { "avg": 0.001, "var": 0}
				},
				"runtime": {
					"maxQuantityByGroup": { "code": "hadrosauroidea-*", "maxQuantity": 1 }
				}
			},
			"*-hypacrosaurus-nest-incubating": {
				"climate": {
					"minTemp": 5,
					"maxTemp": 20,
					"minRain": 0.4,
					"maxRain": 0.7,
					"minForestOrShrubs": 0.5,
					"maxForest": 0.7,
					"maxShrubs": 0.6,
					"minY": 1,
					"maxY": 1.5
				},
				"worldgen": {
					"triesPerChunk": { "avg": 0.001, "var": 0}
				},
				"runtime": {
					"maxQuantityByGroup": { "code": "hadrosauroidea-*", "maxQuantity": 1 }
				}
			},
			"*-parasaurolophus-nest-incubating": {
				"climate": {
					"minTemp": 10,
					"maxTemp": 30,
					"minRain": 0.4,
					"maxRain": 0.8,
					"minForestOrShrubs": 0.5,
					"maxForest": 0.6,
					"maxShrubs": 0.7,
					"minY": 1,
					"maxY": 1.5
				},
				"worldgen": {
					"triesPerChunk": { "avg": 0.001, "var": 0}
				},
				"runtime": {
					"maxQuantityByGroup": { "code": "hadrosauroidea-*", "maxQuantity": 1 }
				}
			},
			"*-charonosaurus-nest-incubating": {
				"climate": {
					"minTemp": 10,
					"maxTemp": 25,
					"minRain": 0.4,
					"maxRain": 0.8,
					"minForestOrShrubs": 0.5,
					"maxForest": 0.6,
					"maxShrubs": 0.6,
					"minY": 1,
					"maxY": 1.5
				},
				"worldgen": {
					"triesPerChunk": { "avg": 0.001, "var": 0}
				},
				"runtime": {
					"maxQuantityByGroup": { "code": "hadrosauroidea-*", "maxQuantity": 1 }
				}
			},
			"*-olorotitan-nest-incubating": {
				"climate": {
					"minTemp": 0,
					"maxTemp": 20,
					"minRain": 0.5,
					"maxRain": 0.9,
					"minForestOrShrubs": 0.6,
					"maxForest": 0.8,
					"maxShrubs": 0.6,
					"minY": 1,
					"maxY": 1.5
				},
				"worldgen": {
					"triesPerChunk": { "avg": 0.001, "var": 0}
				},
				"runtime": {
					"maxQuantityByGroup": { "code": "hadrosauroidea-*", "maxQuantity": 1 }
				}
			},
			"*-hypsibema-nest-incubating": {
				"climate": {
					"minTemp": 10,
					"maxTemp": 30,
					"minRain": 0.5,
					"maxRain": 0.9,
					"minForestOrShrubs": 0.5,
					"maxForest": 0.6,
					"maxShrubs": 0.7,
					"minY": 1,
					"maxY": 1.5
				},
				"worldgen": {
					"triesPerChunk": { "avg": 0.001, "var": 0}
				},
				"runtime": {
					"maxQuantityByGroup": { "code": "hadrosauroidea-*", "maxQuantity": 1 }
				}
			},
			"*-gryposaurus-nest-incubating": {
				"climate": {
					"minTemp": 5,
					"maxTemp": 25,
					"minRain": 0.4,
					"maxRain": 0.7,
					"minForestOrShrubs": 0.5,
					"maxForest": 0.6,
					"maxShrubs": 0.6,
					"minY": 1,
					"maxY": 1.5
				},
				"worldgen": {
					"triesPerChunk": { "avg": 0.001, "var": 0}
				},
				"runtime": {
					"maxQuantityByGroup": { "code": "hadrosauroidea-*", "maxQuantity": 1 }
				}
			},
			"*-lambeosaurus-nest-incubating": {
				"climate": {
					"minTemp": 5,
					"maxTemp": 20,
					"minRain": 0.4,
					"maxRain": 0.7,
					"minForestOrShrubs": 0.5,
					"maxForest": 0.6,
					"maxShrubs": 0.6,
					"minY": 1,
					"maxY": 1.5
				},
				"worldgen": {
					"triesPerChunk": { "avg": 0.001, "var": 0}
				},
				"runtime": {
					"maxQuantityByGroup": { "code": "hadrosauroidea-*", "maxQuantity": 1 }
				}
			},
			"*-brachylophosaurus-nest-incubating": {
				"climate": {
					"minTemp": 5,
					"maxTemp": 20,
					"minRain": 0.4,
					"maxRain": 0.6,
					"minForestOrShrubs": 0.4,
					"maxForest": 0.6,
					"maxShrubs": 0.5,
					"minY": 1,
					"maxY": 1.5
				},
				"worldgen": {
					"triesPerChunk": { "avg": 0.001, "var": 0}
				},
				"runtime": {
					"maxQuantityByGroup": { "code": "hadrosauroidea-*", "maxQuantity": 1 }
				}
			},
			"*-corythosaurus-nest-incubating": {
				"climate": {
					"minTemp": 5,
					"maxTemp": 20,
					"minRain": 0.4,
					"maxRain": 0.7,
					"minForestOrShrubs": 0.5,
					"maxForest": 0.7,
					"maxShrubs": 0.6,
					"minY": 1,
					"maxY": 1.5
				},
				"worldgen": {
					"triesPerChunk": { "avg": 0.001, "var": 0}
				},
				"runtime": {
					"maxQuantityByGroup": { "code": "hadrosauroidea-*", "maxQuantity": 1 }
				}
			},
			"*-maiasaura-nest-incubating": {
				"climate": {
					"minTemp": 5,
					"maxTemp": 25,
					"minRain": 0.3,
					"maxRain": 0.7,
					"minForestOrShrubs": 0.5,
					"maxForest": 0.7,
					"maxShrubs": 0.6,
					"minY": 1,
					"maxY": 1.5
				},
				"worldgen": {
					"triesPerChunk": { "avg": 0.001, "var": 0}
				},
				"runtime": {
					"maxQuantityByGroup": { "code": "hadrosauroidea-*", "maxQuantity": 1 }
				}
			},
			"*-amurosaurus-nest-incubating": {
				"climate": {
					"minTemp": 5,
					"maxTemp": 20,
					"minRain": 0.5,
					"maxRain": 0.8,
					"minForestOrShrubs": 0.6,
					"maxForest": 0.8,
					"maxShrubs": 0.6,
					"minY": 1,
					"maxY": 1.5
				},
				"worldgen": {
					"triesPerChunk": { "avg": 0.001, "var": 0}
				},
				"runtime": {
					"maxQuantityByGroup": { "code": "hadrosauroidea-*", "maxQuantity": 1 }
				}
			},
			"*-arenysaurus-nest-incubating": {
				"climate": {
					"minTemp": 10,
					"maxTemp": 25,
					"minRain": 0.4,
					"maxRain": 0.7,
					"minForestOrShrubs": 0.5,
					"maxForest": 0.6,
					"maxShrubs": 0.6,
					"minY": 1,
					"maxY": 1.5
				},
				"worldgen": {
					"triesPerChunk": { "avg": 0.001, "var": 0}
				},
				"runtime": {
					"maxQuantityByGroup": { "code": "hadrosauroidea-*", "maxQuantity": 1 }
				}
			},
			"*-bonapartesaurus-nest-incubating": {
				"climate": {
					"minTemp": 15,
					"maxTemp": 30,
					"minRain": 0.3,
					"maxRain": 0.6,
					"minForestOrShrubs": 0.4,
					"maxForest": 0.5,
					"maxShrubs": 0.5,
					"minY": 1,
					"maxY": 1.5
				},
				"worldgen": {
					"triesPerChunk": { "avg": 0.001, "var": 0}
				},
				"runtime": {
					"maxQuantityByGroup": { "code": "hadrosauroidea-*", "maxQuantity": 1 }
				}
			},
			"*-pararhabdodon-nest-incubating": {
			"climate": {
					"minTemp": 10,
					"maxTemp": 25,
					"minRain": 0.4,
					"maxRain": 0.7,
					"minForestOrShrubs": 0.5,
					"maxForest": 0.6,
					"maxShrubs": 0.6,
					"minY": 1,
					"maxY": 1.5
				},
				"worldgen": {
					"triesPerChunk": { "avg": 0.001, "var": 0}
				},
				"runtime": {
					"maxQuantityByGroup": { "code": "hadrosauroidea-*", "maxQuantity": 1 }
				}
			},
			"*-telmatosaurus-nest-incubating": {
				"climate": {
					"minTemp": 10,
					"maxTemp": 25,
					"minRain": 0.4,
					"maxRain": 0.7,
					"minForestOrShrubs": 0.5,
					"maxForest": 0.6,
					"maxShrubs": 0.6,
					"minY": 1,
					"maxY": 1.5
				},
				"worldgen": {
					"triesPerChunk": { "avg": 0.001, "var": 0}
				},
				"runtime": {
					"maxQuantityByGroup": { "code": "hadrosauroidea-*", "maxQuantity": 1 }
				}
			},
			"*-secernosaurus-nest-incubating": {
				"climate": {
					"minTemp": 15,
					"maxTemp": 30,
					"minRain": 0.3,
					"maxRain": 0.6,
					"minForestOrShrubs": 0.4,
					"maxForest": 0.5,
					"maxShrubs": 0.5,
					"minY": 1,
					"maxY": 1.5
				},
				"worldgen": {
					"triesPerChunk": { "avg": 0.001, "var": 0}
				},
				"runtime": {
					"maxQuantityByGroup": { "code": "hadrosauroidea-*", "maxQuantity": 1 }
				}
			},
			"*-probactrosaurus-nest-incubating": {
				"climate": {
					"minTemp": 10,
					"maxTemp": 25,
					"minRain": 0.4,
					"maxRain": 0.7,
					"minForestOrShrubs": 0.5,
					"maxForest": 0.6,
					"maxShrubs": 0.6,
					"minY": 1,
					"maxY": 1.5
				},
				"worldgen": {
					"triesPerChunk": { "avg": 0.001, "var": 0}
				},
				"runtime": {
					"maxQuantityByGroup": { "code": "hadrosauroidea-*", "maxQuantity": 1 }
				}
			},
			"*-acristavus-nest-incubating": {
				"climate": {
					"minTemp": 10,
					"maxTemp": 25,
					"minRain": 0.5,
					"maxRain": 0.8,
					"minForestOrShrubs": 0.6,
					"maxForest": 0.7,
					"maxShrubs": 0.6,
					"minY": 1,
					"maxY": 1.5
				},
				"worldgen": {
					"triesPerChunk": { "avg": 0.001, "var": 0}
				},
				"runtime": {
					"maxQuantityByGroup": { "code": "hadrosauroidea-*", "maxQuantity": 1 }
				}
			},
			"*-kazaklambia-nest-incubating": {
				"climate": {
					"minTemp": 10,
					"maxTemp": 25,
					"minRain": 0.4,
					"maxRain": 0.7,
					"minForestOrShrubs": 0.5,
					"maxForest": 0.6,
					"maxShrubs": 0.6,
					"minY": 1,
					"maxY": 1.5
				},
				"worldgen": {
					"triesPerChunk": { "avg": 0.001, "var": 0}
				},
				"runtime": {
					"maxQuantityByGroup": { "code": "hadrosauroidea-*", "maxQuantity": 1 }
				}
			},
			"*-tanius-nest-incubating": {
				"climate": {
					"minTemp": 10,
					"maxTemp": 25,
					"minRain": 0.4,
					"maxRain": 0.7,
					"minForestOrShrubs": 0.5,
					"maxForest": 0.6,
					"maxShrubs": 0.6,
					"minY": 1,
					"maxY": 1.5
				},
				"worldgen": {
					"triesPerChunk": { "avg": 0.001, "var": 0}
				},
				"runtime": {
					"maxQuantityByGroup": { "code": "hadrosauroidea-*", "maxQuantity": 1 }
				}
			},
			"*-canardia-nest-incubating": {
				"climate": {
					"minTemp": 10,
					"maxTemp": 25,
					"minRain": 0.4,
					"maxRain": 0.7,
					"minForestOrShrubs": 0.5,
					"maxForest": 0.6,
					"maxShrubs": 0.6,
					"minY": 1,
					"maxY": 1.5
				},
				"worldgen": {
					"triesPerChunk": { "avg": 0.001, "var": 0}
				},
				"runtime": {
					"maxQuantityByGroup": { "code": "hadrosauroidea-*", "maxQuantity": 1 }
				}
			}
	}
}
}
