{
    "code": "hadrosauroidea",
    "class": "EntityAgent",
    "variantgroups": [
        {"code": "type","states":
        ["shangtungosaurus", "magnapaulia", "edmontosaurus","hadrosaurus", "saurolophus", "hypacrosaurus", "parasaurolophus", "charonosaurus", "olorotitan","hypsibema","gryposaurus", "lambeosaurus", "brachylophosaurus", "corythosaurus", "maiasaura", "barsboldia", "amurosaurus", "arenysaurus", "bonapartesaurus", "pararhabdodon", "telmatosaurus", "secernosaurus", "probactrosaurus", "acristavus", "kazaklambia", "tanius", "canardia"]
        },
        {"code": "age","states": [ "adult","baby"]},
        {"code": "gender","states": ["male","female"]},
    ],
    "fallDamageMultiplierByType": { "*-baby-*" :2,"*-adult-*" :15},
    "hitBoxSizeByType": {
			"*-shangtungosaurus-adult-male": {"x": 2,"y": 4}, "*-shangtungosaurus-adult-female": {"x": 2,"y": 4}, "*-shangtungosaurus-baby-*": {"x": 1,"y": 1},
			"*-magnapaulia-adult-male": {"x": 2,"y": 3}, "*-magnapaulia-adult-female": {"x": 2,"y": 3}, "*-magnapaulia-baby-*": {"x": 1,"y": 1},
			"*-edmontosaurus-adult-male": {"x": 2,"y": 3}, "*-edmontosaurus-adult-female": {"x": 2,"y": 3}, "*-edmontosaurus-baby-*": {"x": 1,"y": 1},
			"*-hadrosaurus-adult-male": {"x": 2,"y": 3}, "*-hadrosaurus-adult-female": {"x": 2,"y": 3}, "*-hadrosaurus-baby-*": {"x": 1,"y": 1},
			"*-saurolophus-adult-male": {"x": 2,"y": 3}, "*-saurolophus-adult-female": {"x": 2,"y": 3}, "*-saurolophus-baby-*": {"x": 1,"y": 1},
			"*-hypacrosaurus-adult-male": {"x": 2,"y": 3}, "*-hypacrosaurus-adult-female": {"x": 2,"y": 3}, "*-hypacrosaurus-baby-*": {"x": 1,"y": 1},
			"*-parasaurolophus-adult-male": {"x": 2,"y": 3}, "*-parasaurolophus-adult-female": {"x": 2,"y": 3}, "*-parasaurolophus-baby-*": {"x": 1,"y": 1},
			"*-charonosaurus-adult-male": {"x": 2,"y": 3}, "*-charonosaurus-adult-female": {"x": 2,"y": 3}, "*-charonosaurus-baby-*": {"x": 1,"y": 1},
			"*-olorotitan-adult-male": {"x": 2,"y": 3}, "*-olorotitan-adult-female": {"x": 2,"y": 3}, "*-olorotitan-baby-*": {"x": 1,"y": 1},
			"*-hypsibema-adult-male": {"x": 2,"y": 3}, "*-hypsibema-adult-female": {"x": 2,"y": 3}, "*-hypsibema-baby-*": {"x": 1,"y": 1},
			"*-gryposaurus-adult-male": {"x": 2,"y": 3}, "*-gryposaurus-adult-female": {"x": 2,"y": 3}, "*-gryposaurus-baby-*": {"x": 1,"y": 1},
			"*-lambeosaurus-adult-male": {"x": 2,"y": 3}, "*-lambeosaurus-adult-female": {"x": 2,"y": 3}, "*-lambeosaurus-baby-*": {"x": 1,"y": 1},
			"*-brachylophosaurus-adult-male": {"x": 2,"y": 3}, "*-brachylophosaurus-adult-female": {"x": 2,"y": 3}, "*-brachylophosaurus-baby-*": {"x": 1,"y": 1},
			"*-corythosaurus-adult-male": {"x": 2,"y": 3}, "*-corythosaurus-adult-female": {"x": 2,"y": 3}, "*-corythosaurus-baby-*": {"x": 1,"y": 1},
			"*-maiasaura-adult-male": {"x": 2,"y": 3}, "*-maiasaura-adult-female": {"x": 2,"y": 3}, "*-maiasaura-baby-*": {"x": 1,"y": 1},
			"*-barsboldia-adult-male": {"x": 2,"y": 3}, "*-barsboldia-adult-female": {"x": 2,"y": 3}, "*-barsboldia-baby-*": {"x": 1,"y": 1},
			"*-amurosaurus-adult-male": {"x": 2,"y": 3}, "*-amurosaurus-adult-female": {"x": 2,"y": 3}, "*-amurosaurus-baby-*": {"x": 1,"y": 1},
			"*-arenysaurus-adult-male": {"x": 2,"y": 3}, "*-arenysaurus-adult-female": {"x": 2,"y": 3}, "*-arenysaurus-baby-*": {"x": 1,"y": 1},
			"*-bonapartesaurus-adult-male": {"x": 2,"y": 3}, "*-bonapartesaurus-adult-female": {"x": 2,"y": 3}, "*-bonapartesaurus-baby-*": {"x": 1,"y": 1},
			"*-pararhabdodon-adult-male": {"x": 2,"y": 3}, "*-pararhabdodon-adult-female": {"x": 2,"y": 3}, "*-pararhabdodon-baby-*": {"x": 1,"y": 1},
			"*-telmatosaurus-adult-male": {"x": 2,"y": 3}, "*-telmatosaurus-adult-female": {"x": 2,"y": 3}, "*-telmatosaurus-baby-*": {"x": 1,"y": 1},
			"*-secernosaurus-adult-male": {"x": 2,"y": 3}, "*-secernosaurus-adult-female": {"x": 2,"y": 3}, "*-secernosaurus-baby-*": {"x": 1,"y": 1},
			"*-probactrosaurus-adult-male": {"x": 2,"y": 3}, "*-probactrosaurus-adult-female": {"x": 2,"y": 3}, "*-probactrosaurus-baby-*": {"x": 1,"y": 1},
			"*-acristavus-adult-male": {"x": 2,"y": 3}, "*-acristavus-adult-female": {"x": 2,"y": 3}, "*-acristavus-baby-*": {"x": 1,"y": 1},
			"*-kazaklambia-adult-male": {"x": 2,"y": 3}, "*-kazaklambia-adult-female": {"x": 2,"y": 3}, "*-kazaklambia-baby-*": {"x": 1,"y": 1},
			"*-tanius-adult-male": {"x": 2,"y": 3}, "*-tanius-adult-female": {"x": 2,"y": 3}, "*-tanius-baby-*": {"x": 1,"y": 1},
			"*-canardia-adult-male": {"x": 2,"y": 3}, "*-canardia-adult-female": {"x": 2,"y": 3}, "*-canardia-baby-*": {"x": 1,"y": 1},
		},

    "deadhitBoxSizeByType": {
		"*-adult-*": {"x": 1,"y": 1},"*-baby-*": {"x": 1,"y": 1},
		},
    "eyeHeightByType": {"*":1},
    "weightByType": {"*-adult-*":4000,"*-baby-*":10},
    "knockbackResistanceByType": {"*-adult-*": 1,"*-baby-*": 0	},

    "drops": [],
    "attributes": {
		"tamedByType": {"*": false },
		"killedByInfoText": "deadcreature-killed",
		"handbook": {"groupcode": "creaturegroup-hadrosauroidea"},
		"minGenerationToAllowHealing": 0,
		"creatureDiet": {
			"foodCategories": ["Fruit", "Vegetable", "Grain"],
			"foodTags": ["fruitmash","nibblecrops", "sweetBerryBush", "grass"]
			},
		},
	"behaviorConfigs": {
		"rideableaccessories": {
			"wearableSlots": [
				{"code": "head", "forCategoryCodes": [], "attachmentPointCode": "HeadAP" },
				{"code": "face", "forCategoryCodes": ["hadrobridle"], "attachmentPointCode": "FaceAP" },
				{"code": "neck", "forCategoryCodes": [], "attachmentPointCode": "NeckAP" },
				{"code": "middleback", "forCategoryCodes": ["hadrosaddle"], "attachmentPointCode": "MidAP",},
			]
		},
		"selectionboxes": {
			"selectionBoxes": ["HeadAP","FaceAP", "NeckAP", "MidAP"]
		},
		"rideable": {
			"interactMountAnySeat": true,
			"seats": [
				{ "apName": "Rider", "selectionBox": "NeckAP", "bodyYawLimit": 0.2, "controllable": true,
					"mountOffsetByType": {
						"*": {"x":0,"y":0.0,"z":0},
					}
				},
			],
			"controls": {
				"idle": {
					"weight": 1,
					"riderAnim": {
						"animation": "rideelk-idle",
						"animationSpeed": 0.00000001,
						"weight": 1,
						"withFpVariant": true,
						"blendMode": "Average",
						"elementWeight": {
							"LowerTorso": 80,
							"UpperTorso": 80,
							"UpperFootR": 80,
							"UpperFootL": 80,
							"LowerFootR": 80,
							"LowerFootL": 80
						},
						"elementBlendMode": {
							"LowerTorso": "Average",
							"UpperTorso": "Average",
							"UpperFootR": "Average",
							"UpperFootL": "Average",
							"LowerFootR": "Average",
							"LowerFootL": "Average"
						}
					}
				},
				"swim": {
					"animation": "Swim",
					"movespeedByType": {
							"*-adult-*": 0.008,
							"*-baby-*": 0.005,
						},
					"animationSpeedByType": {
							"*": 1.5
						},
					"weight": 10,
					"blendMode": "Average",
					"riderAnim": {
						"animation": "rideelk-walk",
						"animationSpeed": 1,
						"weight": 1,
						"withFpVariant": true,
						"blendMode": "Average",
						"elementWeight": {
							"LowerTorso": 80,
							"UpperTorso": 80,
							"UpperFootR": 80,
							"UpperFootL": 80,
							"LowerFootR": 80,
							"LowerFootL": 80
						},
						"elementBlendMode": {
							"LowerTorso": "Average",
							"UpperTorso": "Average",
							"UpperFootR": "Average",
							"UpperFootL": "Average",
							"LowerFootR": "Average",
							"LowerFootL": "Average"
						}
					}
				},
				"walk": {
					"animation": "Walk",
					"weight": 10,
					"movespeedByType": {
							"*-adult-*": 0.010,
						},
					"animationSpeedByType": {
							"*": 1
						},
					"blendMode": "Average",
					"riderAnim": {
						"animation": "rideelk-walk",
						"animationSpeed": 1,
						"weight": 1,
						"withFpVariant": true,
						"blendMode": "Average",
						"elementWeight": {
							"LowerTorso": 80,
							"UpperTorso": 80,
							"UpperFootR": 80,
							"UpperFootL": 80,
							"LowerFootR": 80,
							"LowerFootL": 80
						},
						"elementBlendMode": {
							"LowerTorso": "Average",
							"UpperTorso": "Average",
							"UpperFootR": "Average",
							"UpperFootL": "Average",
							"LowerFootR": "Average",
							"LowerFootL": "Average"
						}
					}
				},
				"walkback": {
					"animation": "Walk",
					"weight": 10,
					"movespeedByType": {
							"*-adult-*": 0.010,
						},
					"animationSpeedByType": {
							"*": 1
						},
					"easeInSpeed": 1,
					"easeOutSpeed": 3,
					"blendMode": "Average",
					"riderAnim": {
						"animation": "rideelk-walk",
						"animationSpeed": 1,
						"weight": 1,
						"withFpVariant": true,
						"blendMode": "Average",
						"elementWeight": {
							"LowerTorso": 80,
							"UpperTorso": 80,
							"UpperFootR": 80,
							"UpperFootL": 80,
							"LowerFootR": 80,
							"LowerFootL": 80
						},
						"elementBlendMode": {
							"LowerTorso": "Average",
							"UpperTorso": "Average",
							"UpperFootR": "Average",
							"UpperFootL": "Average",
							"LowerFootR": "Average",
							"LowerFootL": "Average"
						}
					}
				},
				"sprint": {
					"animation": "Gallop",
					"weight": 10,
						"priority": 2.1,
					"movespeedByType": {
							"*-adult-*": 0.05,
						},
					"animationSpeedByType": {
						"*-baby-*": 4,
						"*": 2.5
					},
					"blendMode": "Average",
					"riderAnim": {
						"animation": "rideelk-run",
						"animationSpeed": 2,
						"weight": 1,
						"withFpVariant": true,
						"blendMode": "Average",
						"elementWeight": {
							"LowerTorso": 80,
							"UpperTorso": 80,
							"UpperFootR": 80,
							"UpperFootL": 80,
							"LowerFootR": 80,
							"LowerFootL": 80
						},
						"elementBlendMode": {
							"LowerTorso": "Average",
							"UpperTorso": "Average",
							"UpperFootR": "Average",
							"UpperFootL": "Average",
							"LowerFootR": "Average",
							"LowerFootL": "Average"
						}
					}
				},
				"jump": {
					"animation": "Walk",
					"weight": 50,
					"easeOutSpeed": 40,
					"blendMode": "Average",
					"animationSpeed": 1,
					"movespeed": 0.08,
					"riderAnim": {
						"animation": "rideelk-walk",
						"animationSpeed": 1,
						"weight": 10,
						"withFpVariant": true,
						"blendMode": "Average",
						"elementWeight": {
							"LowerTorso": 160,
							"UpperTorso": 160,
							"UpperFootR": 160,
							"UpperFootL": 160,
							"LowerFootR": 160,
							"LowerFootL": 160
						},
						"elementBlendMode": {
							"LowerTorso": "Average",
							"UpperTorso": "Average",
							"UpperFootR": "Average",
							"UpperFootL": "Average",
							"LowerFootR": "Average",
							"LowerFootL": "Average"
						}
					}
				}
			}
		},
		"ownable": {
			"groupCode": "mountableanimal"
		}

	},
    "client": {
        "renderer": "Shape",
        "shapeByType": {
			"*-shangtungosaurus-adult-*": {"base": "entity/land/hadrosauroidea/shangtungosaurus/adult"}, "*-shangtungosaurus-baby-*": {"base": "entity/land/hadrosauroidea/shangtungosaurus/baby"},
			"*-magnapaulia-adult-*": {"base": "entity/land/hadrosauroidea/magnapaulia/adult"}, "*-magnapaulia-baby-*": {"base": "entity/land/hadrosauroidea/magnapaulia/baby"},
			"*-edmontosaurus-adult-*": {"base": "entity/land/hadrosauroidea/edmontosaurus/adult"}, "*-edmontosaurus-baby-*": {"base": "entity/land/hadrosauroidea/edmontosaurus/baby"},
			"*-hadrosaurus-adult-*": {"base": "entity/land/hadrosauroidea/hadrosaurus/adult"}, "*-hadrosaurus-baby-*": {"base": "entity/land/hadrosauroidea/hadrosaurus/baby"},
			"*-saurolophus-adult-*": {"base": "entity/land/hadrosauroidea/saurolophus/adult"}, "*-saurolophus-baby-*": {"base": "entity/land/hadrosauroidea/saurolophus/baby"},
			"*-hypacrosaurus-adult-*": {"base": "entity/land/hadrosauroidea/hypacrosaurus/adult"}, "*-hypacrosaurus-baby-*": {"base": "entity/land/hadrosauroidea/hypacrosaurus/baby"},
			"*-parasaurolophus-adult-*": {"base": "entity/land/hadrosauroidea/parasaurolophus/adult"}, "*-parasaurolophus-baby-*": {"base": "entity/land/hadrosauroidea/parasaurolophus/baby"},
			"*-charonosaurus-adult-*": {"base": "entity/land/hadrosauroidea/charonosaurus/adult"}, "*-charonosaurus-baby-*": {"base": "entity/land/hadrosauroidea/charonosaurus/baby"},
			"*-olorotitan-adult-*": {"base": "entity/land/hadrosauroidea/olorotitan/adult"}, "*-olorotitan-baby-*": {"base": "entity/land/hadrosauroidea/olorotitan/baby"},
			"*-hypsibema-adult-*": {"base": "entity/land/hadrosauroidea/hypsibema/adult"}, "*-hypsibema-baby-*": {"base": "entity/land/hadrosauroidea/hypsibema/baby"},
			"*-gryposaurus-adult-*": {"base": "entity/land/hadrosauroidea/gryposaurus/adult"}, "*-gryposaurus-baby-*": {"base": "entity/land/hadrosauroidea/gryposaurus/baby"},
			"*-lambeosaurus-adult-*": {"base": "entity/land/hadrosauroidea/lambeosaurus/adult"}, "*-lambeosaurus-baby-*": {"base": "entity/land/hadrosauroidea/lambeosaurus/baby"},
			"*-brachylophosaurus-adult-*": {"base": "entity/land/hadrosauroidea/brachylophosaurus/adult"}, "*-brachylophosaurus-baby-*": {"base": "entity/land/hadrosauroidea/brachylophosaurus/baby"},
			"*-corythosaurus-adult-*": {"base": "entity/land/hadrosauroidea/corythosaurus/adult"}, "*-corythosaurus-baby-*": {"base": "entity/land/hadrosauroidea/corythosaurus/baby"},
			"*-maiasaura-adult-*": {"base": "entity/land/hadrosauroidea/maiasaura/adult"}, "*-maiasaura-baby-*": {"base": "entity/land/hadrosauroidea/maiasaura/baby"},
			"*-barsboldia-adult-*": {"base": "entity/land/hadrosauroidea/barsboldia/adult"}, "*-barsboldia-baby-*": {"base": "entity/land/hadrosauroidea/barsboldia/baby"},
			"*-amurosaurus-adult-*": {"base": "entity/land/hadrosauroidea/amurosaurus/adult"}, "*-amurosaurus-baby-*": {"base": "entity/land/hadrosauroidea/amurosaurus/baby"},
			"*-arenysaurus-adult-*": {"base": "entity/land/hadrosauroidea/arenysaurus/adult"}, "*-arenysaurus-baby-*": {"base": "entity/land/hadrosauroidea/arenysaurus/baby"},
			"*-bonapartesaurus-adult-*": {"base": "entity/land/hadrosauroidea/bonapartesaurus/adult"}, "*-bonapartesaurus-baby-*": {"base": "entity/land/hadrosauroidea/bonapartesaurus/baby"},
			"*-pararhabdodon-adult-*": {"base": "entity/land/hadrosauroidea/pararhabdodon/adult"}, "*-pararhabdodon-baby-*": {"base": "entity/land/hadrosauroidea/pararhabdodon/baby"},
			"*-telmatosaurus-adult-*": {"base": "entity/land/hadrosauroidea/telmatosaurus/adult"}, "*-telmatosaurus-baby-*": {"base": "entity/land/hadrosauroidea/telmatosaurus/baby"},
			"*-secernosaurus-adult-*": {"base": "entity/land/hadrosauroidea/secernosaurus/adult"}, "*-secernosaurus-baby-*": {"base": "entity/land/hadrosauroidea/secernosaurus/baby"},
			"*-probactrosaurus-adult-*": {"base": "entity/land/hadrosauroidea/probactrosaurus/adult"}, "*-probactrosaurus-baby-*": {"base": "entity/land/hadrosauroidea/probactrosaurus/baby"},
			"*-acristavus-adult-*": {"base": "entity/land/hadrosauroidea/acristavus/adult"}, "*-acristavus-baby-*": {"base": "entity/land/hadrosauroidea/acristavus/baby"},
			"*-kazaklambia-adult-*": {"base": "entity/land/hadrosauroidea/kazaklambia/adult"}, "*-kazaklambia-baby-*": {"base": "entity/land/hadrosauroidea/kazaklambia/baby"},
			"*-tanius-adult-*": {"base": "entity/land/hadrosauroidea/tanius/adult"}, "*-tanius-baby-*": {"base": "entity/land/hadrosauroidea/tanius/baby"},
			"*-canardia-adult-*": {"base": "entity/land/hadrosauroidea/canardia/adult"}, "*-canardia-baby-*": {"base": "entity/land/hadrosauroidea/canardia/baby"},
		},
         "textureByType": {
            "*-shangtungosaurus-adult-*":{"base": "entity/shangtungosaurus-adult"},"*-shangtungosaurus-baby-*":{"base": "entity/shangtungosaurus-adult"},
			"*-magnapaulia-adult-*":{"base": "entity/magnapaulia-adult"},"*-magnapaulia-baby-*":{"base": "entity/magnapaulia-adult"},
			"*-edmontosaurus-adult-*":{"base": "entity/edmontosaurus-adult"},"*-edmontosaurus-baby-*":{"base": "entity/edmontosaurus-adult"},
			"*-hadrosaurus-adult-*":{"base": "entity/hadrosaurus-adult"},"*-hadrosaurus-baby-*":{"base": "entity/hadrosaurus-adult"},
			"*-saurolophus-adult-*":{"base": "entity/saurolophus-adult"},"*-saurolophus-baby-*":{"base": "entity/saurolophus-adult"},
			"*-hypacrosaurus-adult-*":{"base": "entity/hypacrosaurus-adult"},"*-hypacrosaurus-baby-*":{"base": "entity/hypacrosaurus-adult"},
			"*-parasaurolophus-adult-*":{"base": "entity/parasaurolophus-adult"},"*-parasaurolophus-baby-*":{"base": "entity/parasaurolophus-adult"},
			"*-charonosaurus-adult-*":{"base": "entity/charonosaurus-adult"},"*-charonosaurus-baby-*":{"base": "entity/charonosaurus-adult"},
			"*-olorotitan-adult-*":{"base": "entity/olorotitan-adult"},"*-olorotitan-baby-*":{"base": "entity/olorotitan-adult"},
			"*-hypsibema-adult-*":{"base": "entity/hypsibema-adult"},"*-hypsibema-baby-*":{"base": "entity/hypsibema-adult"},
			"*-gryposaurus-adult-*":{"base": "entity/gryposaurus-adult"},"*-gryposaurus-baby-*":{"base": "entity/gryposaurus-adult"},
			"*-lambeosaurus-adult-*":{"base": "entity/lambeosaurus-adult"},"*-lambeosaurus-baby-*":{"base": "entity/lambeosaurus-adult"},
			"*-brachylophosaurus-adult-*":{"base": "entity/brachylophosaurus-adult"},"*-brachylophosaurus-baby-*":{"base": "entity/brachylophosaurus-adult"},
			"*-corythosaurus-adult-*":{"base": "entity/corythosaurus-adult"},"*-corythosaurus-baby-*":{"base": "entity/corythosaurus-adult"},
			"*-maiasaura-adult-*":{"base": "entity/maiasaura-adult"},"*-maiasaura-baby-*":{"base": "entity/maiasaura-adult"},
			"*-barsboldia-adult-*":{"base": "entity/barsboldia-adult"},"*-barsboldia-baby-*":{"base": "entity/barsboldia-adult"},
			"*-amurosaurus-adult-*":{"base": "entity/amurosaurus-adult"},"*-amurosaurus-baby-*":{"base": "entity/amurosaurus-adult"},
			"*-arenysaurus-adult-*":{"base": "entity/arenysaurus-adult"},"*-arenysaurus-baby-*":{"base": "entity/arenysaurus-adult"},
			"*-bonapartesaurus-adult-*":{"base": "entity/bonapartesaurus-adult"},"*-bonapartesaurus-baby-*":{"base": "entity/bonapartesaurus-adult"},
			"*-pararhabdodon-adult-*":{"base": "entity/pararhabdodon-adult"},"*-pararhabdodon-baby-*":{"base": "entity/pararhabdodon-adult"},
			"*-telmatosaurus-adult-*":{"base": "entity/telmatosaurus-adult"},"*-telmatosaurus-baby-*":{"base": "entity/telmatosaurus-adult"},
			"*-secernosaurus-adult-*":{"base": "entity/secernosaurus-adult"},"*-secernosaurus-baby-*":{"base": "entity/secernosaurus-adult"},
			"*-probactrosaurus-adult-*":{"base": "entity/probactrosaurus-adult"},"*-probactrosaurus-baby-*":{"base": "entity/probactrosaurus-adult"},
			"*-acristavus-adult-*":{"base": "entity/acristavus-adult"},"*-acristavus-baby-*":{"base": "entity/acristavus-adult"},
			"*-kazaklambia-adult-*":{"base": "entity/kazaklambia-adult"},"*-kazaklambia-baby-*":{"base": "entity/kazaklambia-adult"},
			"*-tanius-adult-*":{"base": "entity/tanius-adult"},"*-tanius-baby-*":{"base": "entity/tanius-adult"},
			"*-canardia-adult-*":{"base": "entity/canardia-adult"},"*-canardia-baby-*":{"base": "entity/canardia-adult"},
        },
        "sizeByType": {
			"*-shangtungosaurus-adult-male": 1.1,"*-shangtungosaurus-adult-female": 1.0,"*-shangtungosaurus-baby-*": 1.1,
			"*-magnapaulia-adult-male": 0.9,"*-magnapaulia-adult-female": 0.8,"*-magnapaulia-baby-*": 0.9,
			"*-edmontosaurus-adult-male": 0.9,"*-edmontosaurus-adult-female": 0.8,"*-edmontosaurus-baby-*": 0.9,
			"*-hadrosaurus-adult-male": 0.9,"*-hadrosaurus-adult-female": 0.8,"*-hadrosaurus-baby-*": 0.9,
			"*-saurolophus-adult-male": 0.825,"*-saurolophus-adult-female": 0.725,"*-saurolophus-baby-*": 0.825,
			"*-olorotitan-adult-male": 0.825,"*-olorotitan-adult-female": 0.725,"*-olorotitan-baby-*": 0.825,
			"*-hypacrosaurus-adult-male": 0.75,"*-hypacrosaurus-adult-female": 0.65,"*-hypacrosaurus-baby-*": 0.75,
			"*-parasaurolophus-adult-male": 0.75,"*-parasaurolophus-adult-female": 0.65,"*-parasaurolophus-baby-*": 0.75,
			"*-charonosaurus-adult-male": 0.75,"*-charonosaurus-adult-female": 0.65,"*-charonosaurus-baby-*": 0.75,
			"*-hypsibema-adult-male": 0.75,"*-hypsibema-adult-female": 0.65,"*-hypsibema-baby-*": 0.75,
			"*-gryposaurus-adult-male": 0.75,"*-gryposaurus-adult-female": 0.65,"*-gryposaurus-baby-*": 0.75,
			"*-lambeosaurus-adult-male": 0.75,"*-lambeosaurus-adult-female": 0.65,"*-lambeosaurus-baby-*": 0.75,
			"*-corythosaurus-adult-male": 0.75,"*-corythosaurus-adult-female": 0.65,"*-corythosaurus-baby-*": 0.75,
			"*-maiasaura-adult-male": 0.75,"*-maiasaura-adult-female": 0.65,"*-maiasaura-baby-*": 0.75,
			"*-brachylophosaurus-adult-male": 0.675,"*-brachylophosaurus-adult-female": 0.575,"*-brachylophosaurus-baby-*": 0.675,
			"*-amurosaurus-adult-male": 0.625,"*-amurosaurus-adult-female": 0.525,"*-amurosaurus-baby-*": 0.625,
			"*-bonapartesaurus-adult-male": 0.625,"*-bonapartesaurus-adult-female": 0.525,"*-bonapartesaurus-baby-*": 0.625,
			"*-arenysaurus-adult-male": 0.625,"*-arenysaurus-adult-female": 0.525,"*-arenysaurus-baby-*": 0.625,
			"*-pararhabdodon-adult-male": 0.625,"*-pararhabdodon-adult-female": 0.525,"*-pararhabdodon-baby-*": 0.625,
			"*-tanius-adult-male": 0.625,"*-tanius-adult-female": 0.525,"*-tanius-baby-*": 0.625,
			"*-acristavus-adult-male": 0.625,"*-acristavus-adult-female": 0.525,"*-acristavus-baby-*": 0.625,
			"*-probactrosaurus-adult-male": 0.6,"*-probactrosaurus-adult-female": 0.5,"*-probactrosaurus-baby-*": 0.6,
			"*-barsboldia-adult-male": 0.6,"*-barsboldia-adult-female": 0.5,"*-barsboldia-baby-*": 0.6,
			"*-canardia-adult-male": 0.55,"*-canardia-adult-female": 0.45,"*-canardia-baby-*": 0.55,
			"*-telmatosaurus-adult-male": 0.5,"*-telmatosaurus-adult-female": 0.4,"*-telmatosaurus-baby-*": 0.5,
			"*-secernosaurus-adult-male": 0.45,"*-secernosaurus-adult-female": 0.35,"*-secernosaurus-baby-*": 0.45,
			"*-kazaklambia-adult-male": 0.45,"*-kazaklambia-adult-female": 0.35,"*-kazaklambia-baby-*": 0.45
		},

        "behaviors": [
			{"code": "rideable", "enabledByType": {  "*-ampelosaurus-*":false,"*-baby-*": false, "*": true},"minGeneration": 3 },
            {"code": "repulseagents" },
			{"code": "controlledphysics","stepHeightByType":
				{
				"*-baby-*":1.1251,
				"*-shangtungosaurus-adult-*": 2.5,
				"*-magnapaulia-adult-*": 2.5,
				"*-edmontosaurus-adult-*": 2.5,
				"*-hadrosaurus-adult-*": 2.5,
				"*-saurolophus-adult-*": 2.0,
				"*-hypacrosaurus-adult-*": 2.0,
				"*-parasaurolophus-adult-*": 2.0,
				"*-charonosaurus-adult-*": 2.0,
				"*-olorotitan-adult-*": 2.0,
				"*-hypsibema-adult-*": 2.0,
				"*-gryposaurus-adult-*": 2.0,
				"*-lambeosaurus-adult-*": 2.0,
				"*-brachylophosaurus-adult-*": 2.0,
				"*-corythosaurus-adult-*": 2.0,
				"*-maiasaura-adult-*": 2.0,
				"*-barsboldia-adult-*": 2.0,
				"*-amurosaurus-adult-*": 2.0,
				"*-arenysaurus-adult-*": 2.0,
				"*-bonapartesaurus-adult-*": 2.0,
				"*-pararhabdodon-adult-*": 2.0,
				"*-telmatosaurus-adult-*": 1.5,
				"*-secernosaurus-adult-*": 1.5,
				"*-probactrosaurus-adult-*": 2.0,
				"*-acristavus-adult-*": 2.0,
				"*-kazaklambia-adult-*": 1.5,
				"*-tanius-adult-*": 2.0,
				"*-canardia-adult-*": 1.5,
				}
			},
			{"code": "floatupwhenstuck","onlyWhenDead": true},
			{"code": "interpolateposition" },
			{"code": "harvestable","quantitySlots": 8},
			{"code": "multiply", "enabledByType": { "*-adult-female": true, "*": false } },
			{"code": "despawn","minPlayerDistance": 8,"belowLightLevel": 8,"minSeconds": 300},
			{"code": "selectionboxes", "enabledByType": {  "*-ampelosaurus-*":false,"*-baby-*": false, "*": true},"minGeneration": 3 },
			{"code": "ownable", "enabledByType": { "*-ampelosaurus-*":false,"*-baby-*": false,"*": true},"minGeneration": 3 },
			{"code": "rideableaccessories", "enabledByType": {  "*-ampelosaurus-*":false,"*-baby-*": false, "*": true},"minGeneration": 3 },
        ],
        "animations": [
			{"code": "attack","animation": "Attack","animationSpeed": 1.2,"weight": 10,"blendMode": "AddAverage"},
			{"code": "die","animation": "Die","easeInSpeed": 3,"animationSpeed": 1,"weight": 10,"blendMode": "Average","triggeredBy": { "onControls": [ "dead" ] }},
			{"code": "eat","animation": "Eat","easeInSpeed": 4,"easeOutSpeed": 4,"blendMode": "Average"},
			{"code": "gallop","animation": "Gallop","easeInSpeed": 10,"easeOutSpeed": 2,"supressDefaultAnimation": true,"blendMode": "Average"},
			{"code": "graze","animation": "Graze","supressDefaultAnimation": true,"blendMode": "Average"},
			{"code": "hurt","animation": "Hurt","animationSpeed": 2.2,"weight": 10,"blendMode": "AddAverage"},
			{"code": "idle","animation": "Idle","animationSpeed": 0.5,"blendMode": "AddAverage","easeOutSpeed": 4,"triggeredBy": { "defaultAnim": true }},
			{"code": "look","animation": "Look", "blendMode": "AddAverage","easeOutSpeed": 0.25},
			{"code": "alert","animation": "Alert","animationSpeed": 1.2,"weight": 10,"blendMode": "AddAverage"},
			{"code": "6","animation": "Roar","animationSpeed": 2.2,"weight": 10,"blendMode": "AddAverage"},
			{"code": "trot","animation": "Trot","easeInSpeed": 10,"easeOutSpeed": 2,"supressDefaultAnimation": true,"blendMode": "Average"},
			{"code": "sit","animation": "Sit","easeInSpeed": 0.1,"easeOutSpeed": 0.5,"blendMode": "Average"},
			{"code": "lie","animation": "Lie","easeInSpeed": 0.1,"easeOutSpeed": 0.5,"weight": 10,"blendMode": "Average"},
			{"code": "sleep","animation": "Sleep","easeInSpeed": 2,"easeOutSpeed": 2,"weight": 5,"blendMode": "Average"},
			{"code": "swim","animation": "Swim","supressDefaultAnimation": true,"blendMode": "Average"},
			{"code": "walk","animation": "Walk","easeInSpeed": 10,"supressDefaultAnimation": true,"blendMode": "Average"}
		]
    },
    "server": {
		"attributes": {"pathfinder": {"minTurnAnglePerSec": 15,"maxTurnAnglePerSec": 60}},
        "behaviors": [
			{"code": "rideable", "enabledByType": {  "*-ampelosaurus-*":false,"*-baby-*": false, "*": true},"minGeneration": 3 },
			{"code": "selectionboxes", "enabledByType": {  "*-ampelosaurus-*":false,"*-baby-*": false, "*": true},"minGeneration": 3 },
			{"code": "ownable", "enabledByType": { "*-ampelosaurus-*":false,"*-baby-*": false,"*": true},"minGeneration": 3 },
			{"code": "rideableaccessories", "enabledByType": {  "*-ampelosaurus-*":false,"*-baby-*": false, "*": true},"minGeneration": 3 },

            {"code": "repulseagents" },
            {"code": "controlledphysics","stepHeightByType":
				{
				"*-baby-*":1.1251,
				"*-shangtungosaurus-adult-*": 2.5,
				"*-magnapaulia-adult-*": 2.5,
				"*-edmontosaurus-adult-*": 2.5,
				"*-hadrosaurus-adult-*": 2.5,
				"*-saurolophus-adult-*": 2.0,
				"*-hypacrosaurus-adult-*": 2.0,
				"*-parasaurolophus-adult-*": 2.0,
				"*-charonosaurus-adult-*": 2.0,
				"*-olorotitan-adult-*": 2.0,
				"*-hypsibema-adult-*": 2.0,
				"*-gryposaurus-adult-*": 2.0,
				"*-lambeosaurus-adult-*": 2.0,
				"*-brachylophosaurus-adult-*": 2.0,
				"*-corythosaurus-adult-*": 2.0,
				"*-maiasaura-adult-*": 2.0,
				"*-barsboldia-adult-*": 2.0,
				"*-amurosaurus-adult-*": 2.0,
				"*-arenysaurus-adult-*": 2.0,
				"*-bonapartesaurus-adult-*": 2.0,
				"*-pararhabdodon-adult-*": 2.0,
				"*-telmatosaurus-adult-*": 1.5,
				"*-secernosaurus-adult-*": 1.5,
				"*-probactrosaurus-adult-*": 2.0,
				"*-acristavus-adult-*": 2.0,
				"*-kazaklambia-adult-*": 1.5,
				"*-tanius-adult-*": 2.0,
				"*-canardia-adult-*": 1.5,
				}
			},
            {"code": "despawn","minPlayerDistance": 8,"belowLightLevel": 8,"minSeconds": 300},
            {"code": "floatupwhenstuck","onlyWhenDead": true},
            {"code": "health",
                    "maxhealthByType": {
                        "*-shangtungosaurus-adult-male": 300,"*-shangtungosaurus-adult-female": 290,"*-shangtungosaurus-baby-*": 25,
						"*-magnapaulia-adult-male": 245,"*-magnapaulia-adult-female": 235,"*-magnapaulia-baby-*": 20,
						"*-edmontosaurus-adult-male": 245,"*-edmontosaurus-adult-female": 235,"*-edmontosaurus-baby-*": 20,
						"*-hadrosaurus-adult-male": 245,"*-hadrosaurus-adult-female": 235,"*-hadrosaurus-baby-*": 20,
						"*-saurolophus-adult-male": 225,"*-saurolophus-adult-female": 215,"*-saurolophus-baby-*": 20,
						"*-hypacrosaurus-adult-male": 205,"*-hypacrosaurus-adult-female": 195,"*-hypacrosaurus-baby-*": 20,
						"*-parasaurolophus-adult-male": 205,"*-parasaurolophus-adult-female": 195,"*-parasaurolophus-baby-*": 20,
						"*-charonosaurus-adult-male": 205,"*-charonosaurus-adult-female": 195,"*-charonosaurus-baby-*": 20,
						"*-olorotitan-adult-male": 225,"*-olorotitan-adult-female": 215,"*-olorotitan-baby-*": 20,
						"*-hypsibema-adult-male": 205,"*-hypsibema-adult-female": 195,"*-hypsibema-baby-*": 20,
						"*-gryposaurus-adult-male": 205,"*-gryposaurus-adult-female": 195,"*-gryposaurus-baby-*": 20,
						"*-lambeosaurus-adult-male": 205,"*-lambeosaurus-adult-female": 195,"*-lambeosaurus-baby-*": 20,
						"*-brachylophosaurus-adult-male": 185,"*-brachylophosaurus-adult-female": 175,"*-brachylophosaurus-baby-*": 15,
						"*-corythosaurus-adult-male": 205,"*-corythosaurus-adult-female": 195,"*-corythosaurus-baby-*": 20,
						"*-maiasaura-adult-male": 205,"*-maiasaura-adult-female": 195,"*-maiasaura-baby-*": 20,
						"*-barsboldia-adult-male": 165,"*-barsboldia-adult-female": 155,"*-barsboldia-baby-*": 15,
						"*-amurosaurus-adult-male": 170,"*-amurosaurus-adult-female": 160,"*-amurosaurus-baby-*": 15,
						"*-bonapartesaurus-adult-male": 170,"*-bonapartesaurus-adult-female": 160,"*-bonapartesaurus-baby-*": 15,
						"*-arenysaurus-adult-male": 170,"*-arenysaurus-adult-female": 160,"*-arenysaurus-baby-*": 15,
						"*-pararhabdodon-adult-male": 170,"*-pararhabdodon-adult-female": 160,"*-pararhabdodon-baby-*": 15,
						"*-tanius-adult-male": 170,"*-tanius-adult-female": 160,"*-tanius-baby-*": 15,
						"*-acristavus-adult-male": 170,"*-acristavus-adult-female": 160,"*-acristavus-baby-*": 15,
						"*-canardia-adult-male": 150,"*-canardia-adult-female": 140,"*-canardia-baby-*": 10,
						"*-probactrosaurus-adult-male": 165,"*-probactrosaurus-adult-female": 155,"*-probactrosaurus-baby-*": 15,
						"*-telmatosaurus-adult-male": 135,"*-telmatosaurus-adult-female": 125,"*-telmatosaurus-baby-*": 10,
						"*-secernosaurus-adult-male": 120,"*-secernosaurus-adult-female": 110,"*-secernosaurus-baby-*": 10,
						"*-kazaklambia-adult-male": 120,"*-kazaklambia-adult-female": 110,"*-kazaklambia-baby-*": 10
                    }
			},
            {"code": "deaddecay",
                    "hoursToDecay": 96,
                    "decayedBlockByType": {
                    "*-adult-*": "carcass-large",
                    "*-baby-*": "carcass-medium"
					}
            },
            {"code": "harvestable",
				"quantitySlots": 8,
				"drops": [
					{
						"type": "item",
						"code": "game:redmeat-raw",
						"quantityByType": {
							"*-shangtungosaurus-adult-*": {"avg": 150,"var": 10},"*-shangtungosaurus-baby-*": {"avg": 7,"var": 1},
							"*-magnapaulia-adult-*": {"avg": 123,"var": 8},"*-magnapaulia-baby-*": {"avg": 5,"var": 1},
							"*-edmontosaurus-adult-*": {"avg": 123,"var": 8},"*-edmontosaurus-baby-*": {"avg": 5,"var": 1},
							"*-hadrosaurus-adult-*": {"avg": 123,"var": 8},"*-hadrosaurus-baby-*": {"avg": 5,"var": 1},
							"*-saurolophus-adult-*": {"avg": 112,"var": 7},"*-saurolophus-baby-*": {"avg": 5,"var": 1},
							"*-hypacrosaurus-adult-*": {"avg": 102,"var": 7},"*-hypacrosaurus-baby-*": {"avg": 4,"var": 1},
							"*-parasaurolophus-adult-*": {"avg": 102,"var": 7},"*-parasaurolophus-baby-*": {"avg": 4,"var": 1},
							"*-charonosaurus-adult-*": {"avg": 102,"var": 7},"*-charonosaurus-baby-*": {"avg": 4,"var": 1},
							"*-olorotitan-adult-*": {"avg": 112,"var": 7},"*-olorotitan-baby-*": {"avg": 5,"var": 1},
							"*-hypsibema-adult-*": {"avg": 102,"var": 7},"*-hypsibema-baby-*": {"avg": 4,"var": 1},
							"*-gryposaurus-adult-*": {"avg": 102,"var": 7},"*-gryposaurus-baby-*": {"avg": 4,"var": 1},
							"*-lambeosaurus-adult-*": {"avg": 102,"var": 7},"*-lambeosaurus-baby-*": {"avg": 4,"var": 1},
							"*-brachylophosaurus-adult-*": {"avg": 91,"var": 6},"*-brachylophosaurus-baby-*": {"avg": 3,"var": 1},
							"*-corythosaurus-adult-*": {"avg": 102,"var": 7},"*-corythosaurus-baby-*": {"avg": 4,"var": 1},
							"*-maiasaura-adult-*": {"avg": 102,"var": 7},"*-maiasaura-baby-*": {"avg": 4,"var": 1},
							"*-barsboldia-adult-*": {"avg": 82,"var": 6},"*-barsboldia-baby-*": {"avg": 3,"var": 1},
							"*-amurosaurus-adult-*": {"avg": 85,"var": 6},"*-amurosaurus-baby-*": {"avg": 3,"var": 1},
							"*-bonapartesaurus-adult-*": {"avg": 85,"var": 6},"*-bonapartesaurus-baby-*": {"avg": 3,"var": 1},
							"*-arenysaurus-adult-*": {"avg": 85,"var": 6},"*-arenysaurus-baby-*": {"avg": 3,"var": 1},
							"*-pararhabdodon-adult-*": {"avg": 85,"var": 6},"*-pararhabdodon-baby-*": {"avg": 3,"var": 1},
							"*-tanius-adult-*": {"avg": 85,"var": 6},"*-tanius-baby-*": {"avg": 3,"var": 1},
							"*-acristavus-adult-*": {"avg": 85,"var": 6},"*-acristavus-baby-*": {"avg": 3,"var": 1},
							"*-canardia-adult-*": {"avg": 75,"var": 5},"*-canardia-baby-*": {"avg": 2,"var": 1},
							"*-probactrosaurus-adult-*": {"avg": 82,"var": 6},"*-probactrosaurus-baby-*": {"avg": 3,"var": 1},
							"*-telmatosaurus-adult-*": {"avg": 67,"var": 5},"*-telmatosaurus-baby-*": {"avg": 2,"var": 1},
							"*-secernosaurus-adult-*": {"avg": 60,"var": 4},"*-secernosaurus-baby-*": {"avg": 1,"var": 1},
							"*-kazaklambia-adult-*": {"avg": 60,"var": 4},"*-kazaklambia-baby-*": {"avg": 1,"var": 1}

						}
					},
					{
						"type": "item",
						"code": "game:fat",
						"quantityByType": {
							"*-shangtungosaurus-adult-*": {"avg": 75,"var": 5},"*-shangtungosaurus-baby-*": {"avg": 6,"var": 1},
							"*-magnapaulia-adult-*": {"avg": 61,"var": 4},"*-magnapaulia-baby-*": {"avg": 5,"var": 1},
							"*-edmontosaurus-adult-*": {"avg": 61,"var": 4},"*-edmontosaurus-baby-*": {"avg": 5,"var": 1},
							"*-hadrosaurus-adult-*": {"avg": 61,"var": 4},"*-hadrosaurus-baby-*": {"avg": 5,"var": 1},
							"*-saurolophus-adult-*": {"avg": 56,"var": 4},"*-saurolophus-baby-*": {"avg": 5,"var": 1},
							"*-hypacrosaurus-adult-*": {"avg": 51,"var": 3},"*-hypacrosaurus-baby-*": {"avg": 4,"var": 1},
							"*-parasaurolophus-adult-*": {"avg": 51,"var": 3},"*-parasaurolophus-baby-*": {"avg": 4,"var": 1},
							"*-charonosaurus-adult-*": {"avg": 51,"var": 3},"*-charonosaurus-baby-*": {"avg": 4,"var": 1},
							"*-olorotitan-adult-*": {"avg": 56,"var": 4},"*-olorotitan-baby-*": {"avg": 5,"var": 1},
							"*-hypsibema-adult-*": {"avg": 51,"var": 3},"*-hypsibema-baby-*": {"avg": 4,"var": 1},
							"*-gryposaurus-adult-*": {"avg": 51,"var": 3},"*-gryposaurus-baby-*": {"avg": 4,"var": 1},
							"*-lambeosaurus-adult-*": {"avg": 51,"var": 3},"*-lambeosaurus-baby-*": {"avg": 4,"var": 1},
							"*-brachylophosaurus-adult-*": {"avg": 46,"var": 3},"*-brachylophosaurus-baby-*": {"avg": 4,"var": 1},
							"*-corythosaurus-adult-*": {"avg": 51,"var": 3},"*-corythosaurus-baby-*": {"avg": 4,"var": 1},
							"*-maiasaura-adult-*": {"avg": 51,"var": 3},"*-maiasaura-baby-*": {"avg": 4,"var": 1},
							"*-barsboldia-adult-*": {"avg": 41,"var": 3},"*-barsboldia-baby-*": {"avg": 3,"var": 1},
							"*-amurosaurus-adult-*": {"avg": 43,"var": 3},"*-amurosaurus-baby-*": {"avg": 3,"var": 1},
							"*-bonapartesaurus-adult-*": {"avg": 43,"var": 3},"*-bonapartesaurus-baby-*": {"avg": 3,"var": 1},
							"*-arenysaurus-adult-*": {"avg": 43,"var": 3},"*-arenysaurus-baby-*": {"avg": 3,"var": 1},
							"*-pararhabdodon-adult-*": {"avg": 43,"var": 3},"*-pararhabdodon-baby-*": {"avg": 3,"var": 1},
							"*-tanius-adult-*": {"avg": 43,"var": 3},"*-tanius-baby-*": {"avg": 3,"var": 1},
							"*-acristavus-adult-*": {"avg": 43,"var": 3},"*-acristavus-baby-*": {"avg": 3,"var": 1},
							"*-canardia-adult-*": {"avg": 38,"var": 2},"*-canardia-baby-*": {"avg": 3,"var": 1},
							"*-probactrosaurus-adult-*": {"avg": 41,"var": 3},"*-probactrosaurus-baby-*": {"avg": 3,"var": 1},
							"*-telmatosaurus-adult-*": {"avg": 34,"var": 2},"*-telmatosaurus-baby-*": {"avg": 3,"var": 1},
							"*-secernosaurus-adult-*": {"avg": 30,"var": 2},"*-secernosaurus-baby-*": {"avg": 2,"var": 1},
							"*-kazaklambia-adult-*": {"avg": 30,"var": 2},"*-kazaklambia-baby-*": {"avg": 2,"var": 1}
						}
					},
					{
						"type": "item",
						"code": "game:hide-raw-huge",
						"quantityByType": {
							"*-baby-*": {"avg": 0,"var": 0},
							"*-shangtungosaurus-adult-*": {"avg": 9,"var": 0},
							"*-magnapaulia-adult-*": {"avg": 7,"var": 0},
							"*-edmontosaurus-adult-*": {"avg": 7,"var": 0},
							"*-hadrosaurus-adult-*": {"avg": 7,"var": 0},
							"*-saurolophus-adult-*": {"avg": 6,"var": 0},
							"*-hypacrosaurus-adult-*": {"avg": 6,"var": 0},
							"*-parasaurolophus-adult-*": {"avg": 6,"var": 0},
							"*-charonosaurus-adult-*": {"avg": 6,"var": 0},
							"*-olorotitan-adult-*": {"avg": 6,"var": 0},
							"*-hypsibema-adult-*": {"avg": 6,"var": 0},
							"*-gryposaurus-adult-*": {"avg": 6,"var": 0},
							"*-lambeosaurus-adult-*": {"avg": 6,"var": 0},
							"*-brachylophosaurus-adult-*": {"avg": 5,"var": 0},
							"*-corythosaurus-adult-*": {"avg": 6,"var": 0},
							"*-maiasaura-adult-*": {"avg": 6,"var": 0},
							"*-barsboldia-adult-*": {"avg": 5,"var": 0},
							"*-amurosaurus-adult-*": {"avg": 5,"var": 0},
							"*-bonapartesaurus-adult-*": {"avg": 5,"var": 0},
							"*-arenysaurus-adult-*": {"avg": 5,"var": 0},
							"*-pararhabdodon-adult-*": {"avg": 5,"var": 0},
							"*-tanius-adult-*": {"avg": 5,"var": 0},
							"*-acristavus-adult-*": {"avg": 5,"var": 0},
							"*-canardia-adult-*": {"avg": 5,"var": 0},
							"*-probactrosaurus-adult-*": {"avg": 5,"var": 0},
							"*-telmatosaurus-adult-*": {"avg": 4,"var": 0},
							"*-secernosaurus-adult-*": {"avg": 4,"var": 0},
							"*-kazaklambia-adult-*": {"avg": 4,"var": 0},
						}
					},
					{
						"type": "item",
						"code": "game:hide-raw-medium",
						"quantityByType": {
							"*-baby": {"avg": 1.0,"var": 0.0},
							"*": {"avg": 0.0,"var": 0.0}
						}
					}
				]
			},
			{"code": "multiply",
				"enabledByType": {
					"*-adult-female": true,
					"*": false
				},
				"spawnEntityCodesByType": {
					"*": [ { "code":"hadrosauroidea:hadrosauroidea-{type}-egg-raw"}]},
				"requiresNearbyEntityCodeByType": {"*": "hadrosauroidea:hadrosauroidea-{type}-adult-male"},
				"eatAnyway": true,
				"requiresNearbyEntityRange": 20,
				"spawnQuantityMin": 10,
				"spawnQuantityMaxByType": {"*": 20},
				"pregnancyDaysByType": {"*": 60},
				"multiplyCooldownDaysMinByType": {"*": 30},
				"multiplyCooldownDaysMaxByType": {"*": 90},
				"portionsEatenForMultiplyByType": {
					"*-shangtungosaurus-adult-*": 100,
					"*-magnapaulia-adult-*": 95,
					"*-edmontosaurus-adult-*": 80,
					"*-hadrosaurus-adult-*": 80,
					"*-saurolophus-adult-*": 75,
					"*-hypacrosaurus-adult-*": 70,
					"*-parasaurolophus-adult-*": 75,
					"*-charonosaurus-adult-*": 80,
					"*-olorotitan-adult-*": 85,
					"*-hypsibema-adult-*": 70,
					"*-gryposaurus-adult-*": 65,
					"*-lambeosaurus-adult-*": 70,
					"*-brachylophosaurus-adult-*": 65,
					"*-corythosaurus-adult-*": 65,
					"*-maiasaura-adult-*": 60,
					"*-barsboldia-adult-*": 85,
					"*-amurosaurus-adult-*": 70,
					"*-arenysaurus-adult-*": 60,
					"*-bonapartesaurus-adult-*": 75,
					"*-pararhabdodon-adult-*": 65,
					"*-telmatosaurus-adult-*": 50,
					"*-secernosaurus-adult-*": 55,
					"*-probactrosaurus-adult-*": 60,
					"*-acristavus-adult-*": 60,
					"*-kazaklambia-adult-*": 50,
					"*-tanius-adult-*": 65,
					"*-canardia-adult-*": 60
				}
			},
            {"code": "grow",
					"enabledByType": {
					"*-baby-*": true,
					"*": false
				},
				"hoursToGrowByType": {
					"*-shangtungosaurus-*":1050,
					"*-magnapaulia-*":861,
					"*-edmontosaurus-*":861,
					"*-hadrosaurus-*":861,
					"*-saurolophus-*":784,
					"*-hypacrosaurus-*":716,
					"*-parasaurolophus-*":716,
					"*-charonosaurus-*":716,
					"*-olorotitan-*":784,
					"*-hypsibema-*":716,
					"*-gryposaurus-*":716,
					"*-lambeosaurus-*":716,
					"*-brachylophosaurus-*":639,
					"*-corythosaurus-*":716,
					"*-maiasaura-*":716,
					"*-barsboldia-*":574,
					"*-amurosaurus-*":598,
					"*-bonapartesaurus-*":598,
					"*-arenysaurus-*":598,
					"*-pararhabdodon-*":598,
					"*-tanius-*":598,
					"*-acristavus-*":598,
					"*-canardia-*":526,
					"*-probactrosaurus-*":574,
					"*-telmatosaurus-*":469,
					"*-secernosaurus-*":420,
					"*-kazaklambia-*":420

				},
				"adultEntityCodesByType": {
					"*-baby-male": ["hadrosauroidea:hadrosauroidea-{type}-adult-male"],
					"*-baby-female": ["hadrosauroidea:hadrosauroidea-{type}-adult-female"]
				}
			},
			{"code": "emotionstates",
				"states": [
					{"code": "aggressiveondamage","duration": 30,
						"chanceByType": {
							"*-adult-*": 1,
							"*-baby-*": 0.0
						},
						"slot": 2,"priority": 3,"accumType": "noaccum"},
					{"code": "fleeondamage","duration": 60,"slot": 1,"chanceByType": {"*-adult-*": 1,"*-baby-*": 0},"priority": 2,"accumType": "max","whenHealthRelBelow": 0.75},
					{"code": "fleeondamage","duration": 30,"slot": 1,"chanceByType": {"*-adult-*": 0,"*-baby-*": 1},"priority": 2,"accumType": "max","whenHealthRelBelow": 0.99},
					{"code": "saturated","duration": 1200,"chance": 1,"slot": 0,"priority": 1,"accumType": "sum"},
					{ "code": "aggressivearoundentities", "duration": 60, "chanceByType": {"*-baby-*": 0.0,"*-adult-*": 1.0}, "slot": 2, "priority": 5, "entityCodes": ["hadrosauroidea:hadrosauroidea-{type}-baby-male","hadrosauroidea:hadrosauroidea-{type}-baby-female","hadrosauroidea:hadrosauroidea-{type}-nest-incubating"], "maxGeneration": 1 }
				]
			},
			{
				"code": "taskai",
				"aiCreatureType": "LandCreature",
				"aitasks": [
					{
						"code": "meleeattack",
						"animation": "Attack",
						"enabledByType": {"*-adult-*": true,"*-baby-*":false},
						"entityCodesByType": {
							"*": [ "player","bear-*","bell-*","bowtorn-*","drifter-*","hyena-*","locust-*","shiver-*","wolf-*",

							"tyrannosauridae-*", "spinosauridae-*", "dromaeosauridae-*","abelisauridae-*","mosasauridae-*","carcharodontosauridae-*",
								]},
						"priority": 1.9,
						"slot": 1,
						"damageByType": {
							"*-shangtungosaurus-adult-male": 20,"*-shangtungosaurus-adult-female": 19,
							"*-magnapaulia-adult-male": 16,"*-magnapaulia-adult-female": 15,
							"*-edmontosaurus-adult-male": 16,"*-edmontosaurus-adult-female": 15,
							"*-hadrosaurus-adult-male": 16,"*-hadrosaurus-adult-female": 15,
							"*-saurolophus-adult-male": 14,"*-saurolophus-adult-female": 13,
							"*-hypacrosaurus-adult-male": 13,"*-hypacrosaurus-adult-female": 12,
							"*-parasaurolophus-adult-male": 13,"*-parasaurolophus-adult-female": 12,
							"*-charonosaurus-adult-male": 13,"*-charonosaurus-adult-female": 12,
							"*-olorotitan-adult-male": 14,"*-olorotitan-adult-female": 13,
							"*-hypsibema-adult-male": 13,"*-hypsibema-adult-female": 12,
							"*-gryposaurus-adult-male": 13,"*-gryposaurus-adult-female": 12,
							"*-lambeosaurus-adult-male": 13,"*-lambeosaurus-adult-female": 12,
							"*-brachylophosaurus-adult-male": 11,"*-brachylophosaurus-adult-female": 10,
							"*-corythosaurus-adult-male": 13,"*-corythosaurus-adult-female": 12,
							"*-maiasaura-adult-male": 13,"*-maiasaura-adult-female": 12,
							"*-barsboldia-adult-male": 10,"*-barsboldia-adult-female": 9,
							"*-amurosaurus-adult-male": 11,"*-amurosaurus-adult-female": 10,
							"*-bonapartesaurus-adult-male": 11,"*-bonapartesaurus-adult-female": 10,
							"*-arenysaurus-adult-male": 11,"*-arenysaurus-adult-female": 10,
							"*-pararhabdodon-adult-male": 11,"*-pararhabdodon-adult-female": 10,
							"*-tanius-adult-male": 11,"*-tanius-adult-female": 10,
							"*-acristavus-adult-male": 11,"*-acristavus-adult-female": 10,
							"*-canardia-adult-male": 9,"*-canardia-adult-female": 8,
							"*-probactrosaurus-adult-male": 10,"*-probactrosaurus-adult-female": 9,
							"*-telmatosaurus-adult-male": 8,"*-telmatosaurus-adult-female": 7,
							"*-secernosaurus-adult-male": 7,"*-secernosaurus-adult-female": 6,
							"*-kazaklambia-adult-male": 7,"*-kazaklambia-adult-female": 6

						},
						"knockbackStrengthByType": {
							"*-baby-*":0.0,
							"*-adult-*": 2,
						},
						"damageTierByType": {
							"*-baby-*":1,
							"*-adult-*": 2
						},
						"attackAngleRangeDeg": 180,
						"mincooldown": 1250,
						"maxcooldown": 1500,
						"minDistByType": {"*-adult-*":4,"*":1},
						"minVerDistByType": {"*-adult-*":3,"*":1},
						"attackDurationMs": 1250,
						"damagePlayerAtMs": 400,
						"animationSpeed": 1,
						"soundByType": {
							"*-adult-*":"creature/roar"},
						"whenInEmotionState": "aggressiveondamage|aggressivearoundentities|fleeondamage"
					},
					{
						"code": "seekentity",
						"animation": "Trot",
						"enabledByType": {
							"*-baby-*": false,
							"*": true},
						"entityCodesByType": {
							"*-adult-*": ["bell-*","bowtorn-*","drifter-*","hyena-*","locust-*","shiver-*","wolf-*",

							"dromaeosauridae-austroraptor-adult-*","dromaeosauridae-deinonychus-adult-*","dromaeosauridae-dromaeosaurus-adult-*","dromaeosauridae-adasaurus-adult-*","dromaeosauridae-velociraptor-adult-*","dromaeosauridae-saurornitholestes-adult-*","dromaeosauridae-atrociraptor-adult-*","dromaeosauridae-pyroraptor-adult-*","dromaeosauridae-buitreraptor-adult-*","dromaeosauridae-microraptor-adult-*","dromaeosauridae-rahonavis-adult-*",]
						},
						"priority": 1.86,
						"mincooldown": 6000,
						"maxcooldown": 6500,
						"seekingRange": 20,
						"movespeedByType": {
							"*-adult-*": 0.04,
							"*-baby-*": 0.020,
						},
						"animationSpeedByType": {
							"*-baby-*": 4,
							"*": 3
						},
						"whenInEmotionState": "aggressivearoundentities"

					},
					{
						"code": "seekentity",
						"animation": "Trot",
						"enabledByType": {
							"*-baby-*": false,
							"*": true},
						"entityCodesByType": {
							"*-adult-*": [ "player","bear-*","bell-*","bowtorn-*","drifter-*","hyena-*","locust-*","shiver-*","wolf-*", "dromaeosauridae-*",]
						},
						"priority": 1.84,
						"mincooldown": 6000,
						"maxcooldown": 6500,
						"seekingRange": 20,
						"movespeedByType": {
							"*-adult-*": 0.04,
							"*-baby-*": 0.020,
						},
						"animationSpeedByType": {
							"*-baby-*": 4,
							"*": 3
						},
						"whenInEmotionState": "aggressiveondamage"
					},
                    {
						"code": "fleeentity",
						"animation": "Trot",
						"enabledByType": {"*": true},
						"entityCodesByType": {
							"*-baby-*":["player","bear-*","bell-*","bowtorn-*","drifter-*","shiver-*","hyena-male", "hyena-female","wolf-male", "wolf-female","tyrannosauridae-*", "spinosauridae-*","dromaeosauridae-*","abelisauridae-*","mosasauridae-*","carcharodontosauridae-*",],
							"*":[
								"tyrannosauridae-tyrannosaurus-adult-*","tyrannosauridae-tarbosaurus-adult-*","tyrannosauridae-nanuqsaurus-adult-*","tyrannosauridae-albertosaurus-adult-*","tyrannosauridae-gorgosaurus-adult-*","tyrannosauridae-alioramus-adult-*","tyrannosauridae-qianzhousaurus-adult-*","tyrannosauridae-zhuchengtyrannus-adult-*","tyrannosauridae-bistahieversor-adult-*","tyrannosauridae-thanatotheristes-adult-*","tyrannosauridae-teratophoneus-adult-*","tyrannosauridae-dynamoterror-adult-*",

								"spinosauridae-spinosaurus-adult-*", "spinosauridae-oxalaia-adult-*", "spinosauridae-suchomimus-adult-*", "spinosauridae-baryonyx-adult-*", "spinosauridae-ichthyovenator-adult-*","spinosauridae-irritator-adult-*",

								"dromaeosauridae-utahraptor-adult-*","dromaeosauridae-dakotaraptor-adult-*","dromaeosauridae-achillobator-adult-*","dromaeosauridae-austroraptor-adult-*","dromaeosauridae-deinonychus-adult-*","dromaeosauridae-dromaeosaurus-adult-*","dromaeosauridae-adasaurus-adult-*","dromaeosauridae-velociraptor-adult-*","dromaeosauridae-saurornitholestes-adult-*","dromaeosauridae-atrociraptor-adult-*","dromaeosauridae-pyroraptor-adult-*","dromaeosauridae-buitreraptor-adult-*","dromaeosauridae-microraptor-adult-*","dromaeosauridae-rahonavis-adult-*",

								"abelisauridae-pycnonemosaurus-adult-*","abelisauridae-ekrixinatosaurus-adult-*","abelisauridae-carnotaurus-adult-*","abelisauridae-chenanisaurus-adult-*","abelisauridae-rajasaurus-adult-*","abelisauridae-abelisaurus-adult-*","abelisauridae-majungasaurus-adult-*","abelisauridae-skorpiovenator-adult-*","abelisauridae-xenotarsosaurus-adult-*","abelisauridae-rahiolisaurus-adult-*","abelisauridae-arcovenator-adult-*","abelisauridae-rugops-adult-*","abelisauridae-aucasaurus-adult-*","abelisauridae-dahalokely-adult-*","abelisauridae-ilokelesia-adult-*","abelisauridae-viavenator-adult-*","abelisauridae-tarascosaurus-adult-*","abelisauridae-thanos-adult-*",

								"carcharodontosauridae-giganotosaurus-adult-*","carcharodontosauridae-carcharodontosaurus-adult-*","carcharodontosauridae-mapusaurus-adult-*","carcharodontosauridae-tyrannotitan-adult-*","carcharodontosauridae-tameryraptor-adult-*","carcharodontosauridae-veterupristisaurus-adult-*","carcharodontosauridae-ulughbegsaurus-adult-*","carcharodontosauridae-siamraptor-adult-*","carcharodontosauridae-shaochilong-adult-*","carcharodontosauridae-concavenator-adult-*","carcharodontosauridae-lusovenator-adult-*","carcharodontosauridae-lajasvenator-adult-*",



							]
						},
						"priority": 1.8,
						"movespeedByType": {
							"*-adult-*": 0.04,
							"*-baby-*": 0.020,
						},
						"animationSpeedByType": {
							"*-baby-*": 4,
							"*": 3
						},
						"seekingRange": 20
					},
					{
						"code": "fleeentity",
						"animation": "gallop",
						"enabledByType": {"*": true},
						"entityCodesByType": {
							"*":["player","bear-*","bell-*","bowtorn-*","drifter-*","shiver-*","hyena-male", "hyena-female","wolf-male", "wolf-female","tyrannosauridae-*", "spinosauridae-*","dromaeosauridae-*","abelisauridae-*","mosasauridae-*","carcharodontosauridae-*",],

						},
						"priority": 1.81,
						"movespeedByType": {
							"*-adult-*": 0.045,
							"*-baby-*": 0.025,
						},
						"animationSpeedByType": {
							"*-baby-*": 4,
							"*": 3
						},
						"whenInEmotionState": "fleeondamage",
						"seekingRange": 20
					},

                    {
						"code": "getoutofwater",
						"animation": "Walk",
						"priority": 1.4,
						"movespeedByType": {
							"*-adult-*": 0.008,
							"*-baby-*": 0.005,
						},
						"animationSpeed": 1.5
					},
                    {
						"code": "stayclosetoentity",
						"animation": "Trot",
						"enabledByType": {
							"*-baby-*": true,
							"*":false,
						},
						"priority": 1.81,
						"entityCodeByType": {
							"*-adult-*": "hadrosauroidea-{type}-nest-incubating",
							"*-baby-*": "hadrosauroidea-{type}-adult-female"},
						"movespeedByType": {
							"*-adult-*": 0.04,
							"*-baby-*": 0.020,
						},
						"animationSpeedByType": {
							"*-baby-*": 4,
							"*": 3
						},
						"maxDistanceByType": {"*-adult-*": 24,"*-baby-*": 6},
						"searchRange": 45,
					},

                    {
						"code": "idle",
						"animation": "Sit",
						"priority": 1.2,
						"minduration": 20000,
						"maxduration": 240000,
						"mincooldown": 6000,
						"maxcooldown": 12000,
						"priorityForCancel": 1.28,
						"duringDayTimeFramesByType": {
							"*":[{"fromHour": 22,"toHour": 24},{"fromHour": 0,"toHour": 4},{"fromHour": 12,"toHour": 16}],
							},
						"stopOnNearbyEntityCodes": ["bear-*","hyena-male", "hyena-female","wolf-male", "wolf-female", "tyrannosauridae-*", "spinosauridae-*","dromaeosauridae-*","abelisauridae-*","carcharodontosauridae-*",],
						"stopRange": 20,
						"animationSpeedByType": {
							"*-baby-*": 0.6,
							"*": 0.25
						},
						"stopOnHurt": true,
						"whenNotInEmotionState": "aggressiveondamage|aggressivearoundentities|fleeondamage"
					},
                    {
						"code": "idle",
						"animation": "Lie",
						"priority": 1.18,
						"minduration": 30000,
						"maxduration": 240000,
						"mincooldown": 6000,
						"maxcooldown": 12000,
						"priorityForCancel": 1.28,
						"duringDayTimeFramesByType": {
							"*":[{"fromHour": 22.5,"toHour": 24},{"fromHour": 0,"toHour": 4},{"fromHour": 12.5,"toHour": 16}],
							},
						"stopOnNearbyEntityCodes": ["bear-*","hyena-male", "hyena-female","wolf-male", "wolf-female", "tyrannosauridae-*", "spinosauridae-*","dromaeosauridae-*","abelisauridae-*","carcharodontosauridae-*",],
						"stopRange": 10,
						"animationSpeedByType": {
							"*-baby-*": 0.6,
							"*": 0.25
						},
						"stopOnHurt": true,
						"whenNotInEmotionState": "aggressiveondamage|aggressivearoundentities|fleeondamage"
					},
                    {
						"code": "idle",
						"animation": "Sleep",
						"priority": 1.15,
						"minduration": 200000,
						"maxduration": 800000,
						"mincooldown": 1000,
						"maxcooldown": 3000,
						"animationSpeed": 0.25,
						"whenNotInEmotionState": "aggressiveondamage|aggressivearoundentities|fleeondamage",
						"duringDayTimeFramesByType": {
							"*":[{"fromHour": 22.75,"toHour": 24},{"fromHour": 0,"toHour": 4},{"fromHour": 12.75,"toHour": 15}],
							},
						"stopOnNearbyEntityCodes": [],
						"stopRange": 1,
						"stopOnHurt": true
					},
                    {
						"code": "seekfoodandeat",
						"animation": "Walk",
						"eatAnimation": "Eat",

						"priority": 1.34,
						"eatSoundByType": {
							"*":"game:creature/animal-eat*"},
						"eatTime": 1.5,
						"eatLooseItems": true,
						"movespeedByType": {
							"*-adult-*": 0.010,
							"*-baby-*": 0.008,
						},
						"animationSpeedByType": {
							"*-baby-*": 1,
							"*": 1
						},
						"mincooldownHours": 1,
						"maxcooldownHours": 4,
						"whenNotInEmotionState": "aggressiveondamage|aggressivearoundentities|fleeondamage"
					},
                    {
						"code": "idle",
						"animation": "Eat",
						"priority": 1.2,
						"priorityForCancel": 1.35,
						"minduration": 2667,
						"maxduration": 2667,
						"mincooldown": 6000,
						"maxcooldown": 20000,
						"animationSpeed": 0.75,
						"soundByType": {"*":"game:creature/animal-eat*"},
						"whenNotInEmotionState": "aggressiveondamage|aggressivearoundentities|fleeondamage"
					},
                    {
						"code": "idle",
						"animation": "Roar",
						"priority": 0.5,
						"priorityForCancel": 1.5,
						"minduration": 4667,
						"maxduration": 4667,
						"chanceByType": {"*":0.01},
						"mincooldown": 8000,
						"maxcooldown": 50000,
						"animationSpeed": 0.5,
						"soundByType": {
							"*-adult-*": "creature/roar",
							"*-baby-*": "creature/baby"
						},
						"soundRangeByType": {
							"*-baby-*": 30,
							"*": 100
						},
						"whenNotInEmotionState": "aggressiveondamage|aggressivearoundentities|fleeondamage"
					},
                    {
						"code": "wander",
						"animation": "Walk",
						"priority": 1.0,
						"priorityForCancel": 1.35,
						"chance": 0.0005,
						"duringDayTimeFramesByType": {"*-adult-*":[{"fromHour": 18,"toHour": 19},{"fromHour": 6,"toHour": 7}]},
						"movespeedByType": {
							"*-adult-*": 0.010,
							"*-baby-*": 0.005,
						},
						"animationSpeedByType": {
							"*-baby-*": 1.5,
							"*": 1
						},
						"preferredLightLevel": 24,
						"whenNotInEmotionState": "aggressiveondamage|aggressivearoundentities|fleeondamage",
						"soundRangeByType": {
							"*-adult-*": 100
						},

					},
					 {
						"code": "wander",
						"animation": "Graze",
						"priority": 1.0,
						"priorityForCancel": 1.35,
						"movespeedByType": {
							"*-adult-*": 0.010,
							"*-baby-*": 0.008,
						},
						"animationSpeedByType": {
							"*-baby-*": 1,
							"*": 1
						},
						"preferredLightLevel": 14,
						"soundByType": {"*":"game:creature/animal-eat*"},
						"whenNotInEmotionState": "aggressiveondamage|aggressivearoundentities|fleeondamage"
					},
					{
						"code": "stayclosetoentity",
						"animation": "Run",
						"priority": 2,
						"enabledByType": {"*-adult-*": true,"*-baby-*":false},
						"entityCodeByType": {
							"*-adult-*": "hitch"
							},
						"movespeedByType": {
							"*-adult-*": 0.04,
							"*-baby-*": 0.020,
						},
						"animationSpeedByType": {
							"*-baby-*": 4,
							"*": 3
						},
						"maxDistance": 6,
						"searchRange": 10,

					},
					{
						"code": "seekentity",
						"animation": "Run",
						"enabledByType": {"*-adult-*": true,"*-baby-*":false},
						"entityCodesByType": {"*-adult-*":["hitch"],},
						"priority": 1,
						"seekingRange": 5,
						"belowTempSeekingRange": 5,
						"movespeedByType": {
							"*-adult-*": 0.04,
							"*-baby-*": 0.020,
						},
						"animationSpeedByType": {
							"*-baby-*": 4,
							"*": 3
						},
					},
					{
						"code": "meleeattack",
						"animation": "Attack",
						"enabledByType": {"*-adult-*": true,"*-baby-*":false},
						"entityCodesByType": {
							"*": [ "hitch"]},
						"priority": 1.9,
						"slot": 1,
						"damageByType": {
							"*-shangtungosaurus-adult-male": 20,"*-shangtungosaurus-adult-female": 19,
							"*-magnapaulia-adult-male": 16,"*-magnapaulia-adult-female": 15,
							"*-edmontosaurus-adult-male": 16,"*-edmontosaurus-adult-female": 15,
							"*-hadrosaurus-adult-male": 16,"*-hadrosaurus-adult-female": 15,
							"*-saurolophus-adult-male": 14,"*-saurolophus-adult-female": 13,
							"*-hypacrosaurus-adult-male": 13,"*-hypacrosaurus-adult-female": 12,
							"*-parasaurolophus-adult-male": 13,"*-parasaurolophus-adult-female": 12,
							"*-charonosaurus-adult-male": 13,"*-charonosaurus-adult-female": 12,
							"*-olorotitan-adult-male": 14,"*-olorotitan-adult-female": 13,
							"*-hypsibema-adult-male": 13,"*-hypsibema-adult-female": 12,
							"*-gryposaurus-adult-male": 13,"*-gryposaurus-adult-female": 12,
							"*-lambeosaurus-adult-male": 13,"*-lambeosaurus-adult-female": 12,
							"*-brachylophosaurus-adult-male": 11,"*-brachylophosaurus-adult-female": 10,
							"*-corythosaurus-adult-male": 13,"*-corythosaurus-adult-female": 12,
							"*-maiasaura-adult-male": 13,"*-maiasaura-adult-female": 12,
							"*-barsboldia-adult-male": 10,"*-barsboldia-adult-female": 9,
							"*-amurosaurus-adult-male": 11,"*-amurosaurus-adult-female": 10,
							"*-bonapartesaurus-adult-male": 11,"*-bonapartesaurus-adult-female": 10,
							"*-arenysaurus-adult-male": 11,"*-arenysaurus-adult-female": 10,
							"*-pararhabdodon-adult-male": 11,"*-pararhabdodon-adult-female": 10,
							"*-tanius-adult-male": 11,"*-tanius-adult-female": 10,
							"*-acristavus-adult-male": 11,"*-acristavus-adult-female": 10,
							"*-canardia-adult-male": 9,"*-canardia-adult-female": 8,
							"*-probactrosaurus-adult-male": 10,"*-probactrosaurus-adult-female": 9,
							"*-telmatosaurus-adult-male": 8,"*-telmatosaurus-adult-female": 7,
							"*-secernosaurus-adult-male": 7,"*-secernosaurus-adult-female": 6,
							"*-kazaklambia-adult-male": 7,"*-kazaklambia-adult-female": 6

						},
						"knockbackStrengthByType": {
							"*-baby-*":0.0,
							"*-adult-*": 2,
						},
						"damageTierByType": {
							"*-baby-*":1,
							"*-adult-*": 2
						},
						"attackAngleRangeDeg": 180,
						"mincooldown": 1250,
						"maxcooldown": 1500,
						"minDistByType": {"*-adult-*":4,"*":1},
						"minVerDistByType": {"*-adult-*":3,"*":1},
						"attackDurationMs": 1250,
						"damagePlayerAtMs": 400,
						"animationSpeed": 1,
						"soundByType": {
							"*-adult-*":"creature/roar"},
					},

				]
            },
			{"code": "pettable","minGeneration": 3},
			{"code": "ropetieable","minGeneration": 3},

        ],
	"spawnconditions": {
		"worldgen": {
			"chanceByType": {"*-baby-*": 0.0},
			"triesPerChunk": { "avg": 0.001, "var": 0},
			"maxQuantityByGroup": { "code": "hadrosauroidea-*", "maxQuantity": 2 },
			"tryOnlySurface": true,
			"insideBlockCodes": ["game:air","game:tallgrass-*","game:gravel-*","game:sand-*","game:snowlayer-1","game:soil-*"],
			"groupSizeByType": {
				"*-adult-male":{ "dist": "uniform","avg": 5,"var": 3},
				"*-adult-female":{ "dist": "uniform","avg": 7,"var": 5},
			},
			"companionsByType":{
				"*-adult-male":["hadrosauroidea:hadrosauroidea-{type}-adult-female","hadrosauroidea:hadrosauroidea-{type}-adult-female","hadrosauroidea:hadrosauroidea-{type}-adult-female","hadrosauroidea:hadrosauroidea-{type}-adult-male", "hadrosauroidea:hadrosauroidea-{type}-baby-female","hadrosauroidea:hadrosauroidea-{type}-baby-male","hadrosauroidea:hadrosauroidea-{type}-baby-female","hadrosauroidea:hadrosauroidea-{type}-baby-male"],
				"*-adult-female":["hadrosauroidea:hadrosauroidea-{type}-adult-female","hadrosauroidea:hadrosauroidea-{type}-adult-female","hadrosauroidea:hadrosauroidea-{type}-adult-female","hadrosauroidea:hadrosauroidea-{type}-adult-male", "hadrosauroidea:hadrosauroidea-{type}-baby-female","hadrosauroidea:hadrosauroidea-{type}-baby-male","hadrosauroidea:hadrosauroidea-{type}-baby-female","hadrosauroidea:hadrosauroidea-{type}-baby-male"],
			},
		},
		"runtime": {
			"group": "neutral",
			"MinDistanceToPlayer": 100,
			"tryOnlySurface": true,
			"chanceByType": {"*-adult-*": 0.00001,"*":0.00,},
			"maxQuantityByGroup": { "code": "hadrosauroidea-*", "maxQuantity": 2 },
			"triesPerChunk": { "avg": 0.000, "var": 0},
			"maxLightLevel": 7,
			"lightLevelType": "onlyBlockLight",
			"spawnCapPlayerScaling": 0.0,
			"insideBlockCodes": ["game:air","game:tallgrass-*","game:gravel-*","game:sand-*","game:snowlayer-1","game:soil-*"],
			"groupSizeByType": {
				"*-adult-male":{ "dist": "uniform","avg": 3,"var": 2},
				"*-adult-female":{ "dist": "uniform","avg": 10,"var": 5},
				"*":{ "dist": "uniform","avg": 0,"var": 0},
			},
			"companionsByType":{
				"*-adult-male":["hadrosauroidea:hadrosauroidea-{type}-adult-male"],
				"*-adult-female":["hadrosauroidea:hadrosauroidea-{type}-adult-female","hadrosauroidea:hadrosauroidea-{type}-adult-female","hadrosauroidea:hadrosauroidea-{type}-adult-female","hadrosauroidea:hadrosauroidea-{type}-adult-male", "hadrosauroidea:hadrosauroidea-{type}-baby-female","hadrosauroidea:hadrosauroidea-{type}-baby-male","hadrosauroidea:hadrosauroidea-{type}-baby-female","hadrosauroidea:hadrosauroidea-{type}-baby-male"],
			},
		}
		},
    "spawnconditionsByType": {
			"*-shangtungosaurus-adult-*": {
				"climate": {
					"minTemp": 10,
					"maxTemp": 25,
					"minRain": 0.4,
					"maxRain": 0.8,
					"minForestOrShrubs": 0.6,
					"maxForest": 0.7,
					"maxShrubs": 0.6,
					"minY": 1,
					"maxY": 1.5
				},
			},
			"*-magnapaulia-adult-*": {
				"climate": {
					"minTemp": 15,
					"maxTemp": 30,
					"minRain": 0.5,
					"maxRain": 0.9,
					"minForestOrShrubs": 0.5,
					"maxForest": 0.6,
					"maxShrubs": 0.7,
					"minY": 1,
					"maxY": 1.5
				},
			},
			"*-edmontosaurus-adult-*": {
				"climate": {
					"minTemp": -5,
					"maxTemp": 20,
					"minRain": 0.3,
					"maxRain": 0.7,
					"minForestOrShrubs": 0.4,
					"maxForest": 0.6,
					"maxShrubs": 0.5,
					"minY": 1,
					"maxY": 1.5
				},
			},
			"*-hadrosaurus-adult-*": {
				"climate": {
					"minTemp": 15,
					"maxTemp": 25,
					"minRain": 0.3,
					"maxRain": 0.6,
					"minForestOrShrubs": 0.4,
					"maxForest": 0.5,
					"maxShrubs": 0.5,
					"minY": 1,
					"maxY": 1.5
				},
			},
			"*-saurolophus-adult-*": {
				"climate": {
					"minTemp": 5,
					"maxTemp": 25,
					"minRain": 0.3,
					"maxRain": 0.7,
					"minForestOrShrubs": 0.4,
					"maxForest": 0.6,
					"maxShrubs": 0.6,
					"minY": 1,
					"maxY": 1.5
				},
			},
			"*-hypacrosaurus-adult-*": {
				"climate": {
					"minTemp": 5,
					"maxTemp": 20,
					"minRain": 0.4,
					"maxRain": 0.7,
					"minForestOrShrubs": 0.5,
					"maxForest": 0.7,
					"maxShrubs": 0.6,
					"minY": 1,
					"maxY": 1.5
				},
			},
			"*-parasaurolophus-adult-*": {
				"climate": {
					"minTemp": 10,
					"maxTemp": 30,
					"minRain": 0.4,
					"maxRain": 0.8,
					"minForestOrShrubs": 0.5,
					"maxForest": 0.6,
					"maxShrubs": 0.7,
					"minY": 1,
					"maxY": 1.5
				},
			},
			"*-charonosaurus-adult-*": {
				"climate": {
					"minTemp": 10,
					"maxTemp": 25,
					"minRain": 0.4,
					"maxRain": 0.8,
					"minForestOrShrubs": 0.5,
					"maxForest": 0.6,
					"maxShrubs": 0.6,
					"minY": 1,
					"maxY": 1.5
				},
			},
			"*-olorotitan-adult-*": {
				"climate": {
					"minTemp": 0,
					"maxTemp": 20,
					"minRain": 0.5,
					"maxRain": 0.9,
					"minForestOrShrubs": 0.6,
					"maxForest": 0.8,
					"maxShrubs": 0.6,
					"minY": 1,
					"maxY": 1.5
				},
			},
			"*-hypsibema-adult-*": {
				"climate": {
					"minTemp": 10,
					"maxTemp": 30,
					"minRain": 0.5,
					"maxRain": 0.9,
					"minForestOrShrubs": 0.5,
					"maxForest": 0.6,
					"maxShrubs": 0.7,
					"minY": 1,
					"maxY": 1.5
				},
			},
			"*-gryposaurus-adult-*": {
				"climate": {
					"minTemp": 5,
					"maxTemp": 25,
					"minRain": 0.4,
					"maxRain": 0.7,
					"minForestOrShrubs": 0.5,
					"maxForest": 0.6,
					"maxShrubs": 0.6,
					"minY": 1,
					"maxY": 1.5
				},
			},
			"*-lambeosaurus-adult-*": {
				"climate": {
					"minTemp": 5,
					"maxTemp": 20,
					"minRain": 0.4,
					"maxRain": 0.7,
					"minForestOrShrubs": 0.5,
					"maxForest": 0.6,
					"maxShrubs": 0.6,
					"minY": 1,
					"maxY": 1.5
				},
			},
			"*-brachylophosaurus-adult-*": {
				"climate": {
					"minTemp": 5,
					"maxTemp": 20,
					"minRain": 0.4,
					"maxRain": 0.6,
					"minForestOrShrubs": 0.4,
					"maxForest": 0.6,
					"maxShrubs": 0.5,
					"minY": 1,
					"maxY": 1.5
				},
			},
			"*-corythosaurus-adult-*": {
				"climate": {
					"minTemp": 5,
					"maxTemp": 20,
					"minRain": 0.4,
					"maxRain": 0.7,
					"minForestOrShrubs": 0.5,
					"maxForest": 0.7,
					"maxShrubs": 0.6,
					"minY": 1,
					"maxY": 1.5
				},
			},
			"*-maiasaura-adult-*": {
				"climate": {
					"minTemp": 5,
					"maxTemp": 25,
					"minRain": 0.3,
					"maxRain": 0.7,
					"minForestOrShrubs": 0.5,
					"maxForest": 0.7,
					"maxShrubs": 0.6,
					"minY": 1,
					"maxY": 1.5
				},
			},
			"*-amurosaurus-adult-*": {
				"climate": {
					"minTemp": 5,
					"maxTemp": 20,
					"minRain": 0.5,
					"maxRain": 0.8,
					"minForestOrShrubs": 0.6,
					"maxForest": 0.8,
					"maxShrubs": 0.6,
					"minY": 1,
					"maxY": 1.5
				},
			},
			"*-arenysaurus-adult-*": {
				"climate": {
					"minTemp": 10,
					"maxTemp": 25,
					"minRain": 0.4,
					"maxRain": 0.7,
					"minForestOrShrubs": 0.5,
					"maxForest": 0.6,
					"maxShrubs": 0.6,
					"minY": 1,
					"maxY": 1.5
				},
			},
			"*-bonapartesaurus-adult-*": {
				"climate": {
					"minTemp": 15,
					"maxTemp": 30,
					"minRain": 0.3,
					"maxRain": 0.6,
					"minForestOrShrubs": 0.4,
					"maxForest": 0.5,
					"maxShrubs": 0.5,
					"minY": 1,
					"maxY": 1.5
				},
			},
			"*-pararhabdodon-adult-*": {
			"climate": {
					"minTemp": 10,
					"maxTemp": 25,
					"minRain": 0.4,
					"maxRain": 0.7,
					"minForestOrShrubs": 0.5,
					"maxForest": 0.6,
					"maxShrubs": 0.6,
					"minY": 1,
					"maxY": 1.5
				},
			},
			"*-telmatosaurus-adult-*": {
				"climate": {
					"minTemp": 10,
					"maxTemp": 25,
					"minRain": 0.4,
					"maxRain": 0.7,
					"minForestOrShrubs": 0.5,
					"maxForest": 0.6,
					"maxShrubs": 0.6,
					"minY": 1,
					"maxY": 1.5
				},
			},
			"*-secernosaurus-adult-*": {
				"climate": {
					"minTemp": 15,
					"maxTemp": 30,
					"minRain": 0.3,
					"maxRain": 0.6,
					"minForestOrShrubs": 0.4,
					"maxForest": 0.5,
					"maxShrubs": 0.5,
					"minY": 1,
					"maxY": 1.5
				},
			},
			"*-probactrosaurus-adult-*": {
				"climate": {
					"minTemp": 10,
					"maxTemp": 25,
					"minRain": 0.4,
					"maxRain": 0.7,
					"minForestOrShrubs": 0.5,
					"maxForest": 0.6,
					"maxShrubs": 0.6,
					"minY": 1,
					"maxY": 1.5
				},
			},
			"*-acristavus-adult-*": {
				"climate": {
					"minTemp": 10,
					"maxTemp": 25,
					"minRain": 0.5,
					"maxRain": 0.8,
					"minForestOrShrubs": 0.6,
					"maxForest": 0.7,
					"maxShrubs": 0.6,
					"minY": 1,
					"maxY": 1.5
				},
			},
			"*-kazaklambia-adult-*": {
				"climate": {
					"minTemp": 10,
					"maxTemp": 25,
					"minRain": 0.4,
					"maxRain": 0.7,
					"minForestOrShrubs": 0.5,
					"maxForest": 0.6,
					"maxShrubs": 0.6,
					"minY": 1,
					"maxY": 1.5
				},
			},
			"*-tanius-adult-*": {
				"climate": {
					"minTemp": 10,
					"maxTemp": 25,
					"minRain": 0.4,
					"maxRain": 0.7,
					"minForestOrShrubs": 0.5,
					"maxForest": 0.6,
					"maxShrubs": 0.6,
					"minY": 1,
					"maxY": 1.5
				},
			},
			"*-canardia-adult-*": {
				"climate": {
					"minTemp": 10,
					"maxTemp": 25,
					"minRain": 0.4,
					"maxRain": 0.7,
					"minForestOrShrubs": 0.5,
					"maxForest": 0.6,
					"maxShrubs": 0.6,
					"minY": 1,
					"maxY": 1.5
				},
			},
			"*": {
						"climate": {
							"minTemp": 40,
							"maxTemp": 40,
							"minRain": 0,
							"maxRain": 0,
							"minForestOrShrubs": 0,
							"maxForest": 0,
							"maxShrubs": 0,
							"minY": 0,
							"maxY": 0
						},
						"worldgen": {
							"triesPerChunk": { "avg": 0.0, "var": 0}
						},
						"runtime": {
							"maxQuantityByGroup": { "code": "hadrosauroidea-*", "maxQuantity": 0 },
							"chanceByType": {"*-baby-*": 0.0},
						}
					},
		}
    },
"soundsByType": {
	"*-adult-*":{
		"hurt": "creature/hurt",
		"death": "creature/death",
		"idle": "creature/idle"
	},
	"*-baby-*":{
		"hurt": "creature/baby",
		"death": "creature/baby",
		"idle": "creature/baby"
	},
	"idleSoundChance": 0.1
}
}
