[
  {
    "file": "ankylosauria:entities/land/ankylosauria.json",
    "op": "addmerge",
    "path": "/attributesByType",
    "side": "Server",
    "value": {
        "*-shangtungosaurus-*": {
                  "biorealm": [
                    "eastern palearctic",
                  ]
                },

        "*-magnapaulia-*": {
                  "biorealm": [
                    "pacific nearctic",
                  ]
                },

        "*-edmontosaurus-*": {
                  "biorealm": [
                    "pacific nearctic",
                    "atlantic nearctic",
                  ]
                },

        "*-hadrosaurus-*": {
                  "biorealm": [
                    "pacific nearctic",
                    "atlantic nearctic",
                    "central palearctic",
                  ]
                },

        "*-saurolophus-*": {
                  "biorealm": [
                    "pacific nearctic",
                    "atlantic nearctic",
                    "central palearctic",
                  ]
                },

        "*-hypacrosaurus-*": {
                  "biorealm": [
                    "pacific nearctic",
                    "atlantic nearctic",
                  ]
                },

        "*-parasaurolophus-*": {
                  "biorealm": [
                    "pacific nearctic",
                    "atlantic nearctic",
                  ]
                },

        "*-charonosaurus-*": {
                  "biorealm": [
                    "eastern palearctic",
                  ]
                },

        "*-olorotitan-*": {
                  "biorealm": [
                    "eastern palearctic",
                  ]
                },

        "*-hypsibema-*": {
                  "biorealm": [
                    "atlantic nearctic",
                  ]
                },

        "*-gryposaurus-*": {
                  "biorealm": [
                    "pacific nearctic",
                    "atlantic nearctic",
                  ]
                },

        "*-lambeosaurus-*": {
                  "biorealm": [
                    "pacific nearctic",
                    "atlantic nearctic",
                  ]
                },

        "*-brachylophosaurus-*": {
                  "biorealm": [
                    "pacific nearctic",
                    "atlantic nearctic",
                  ]
                },

        "*-corythosaurus-*": {
                  "biorealm": [
                    "pacific nearctic",
                    "atlantic nearctic",
                  ]
                },

        "*-maiasaura-*": {
                  "biorealm": [
                    "pacific nearctic",
                    "atlantic nearctic",
                  ]
                },

        "*-barsboldia-*": {
                  "biorealm": [
                    "eastern palearctic",
                  ]
                },

        "*-amurosaurus-*": {
                  "biorealm": [
                    "eastern palearctic",
                  ]
                },

        "*-arenysaurus-*": {
                  "biorealm": [
                    "atlantic palearctic",
                  ]
                },

        "*-bonapartesaurus-*": {
                  "biorealm": [
                    "atlantic neotropic",
                  ]
                },

        "*-pararhabdodon-*": {
                  "biorealm": [
                    "atlantic palearctic",
                  ]
                },

        "*-telmatosaurus-*": {
                  "biorealm": [
                    "atlantic palearctic",
                  ]
                },

        "*-secernosaurus-*": {
                  "biorealm": [
                    "atlantic neotropic",
                  ]
                },

        "*-probactrosaurus-*": {
                  "biorealm": [
                    "eastern palearctic",
                  ]
                },

        "*-acristavus-*": {
                  "biorealm": [
                    "pacific nearctic",
                    "atlantic nearctic",
                  ]
                },

        "*-kazaklambia-*": {
                  "biorealm": [
                    "central palearctic",
                  ]
                },

        "*-tanius-*": {
                  "biorealm": [
                    "eastern palearctic",
                  ]
                },

        "*-canardia-*": {
                  "biorealm": [
                    "atlantic palearctic",
                  ]
                },

    },
    "dependsOn": [
      {
        "modid": "biomes"
      }
    ]
  },
  {
    "file": "ankylosauria:entities/land/nest.json",
    "op": "addmerge",
    "path": "/attributesByType",
    "side": "Server",
    "value": {
        "*-shangtungosaurus-*": {
                  "biorealm": [
                    "eastern palearctic",
                  ]
                },

        "*-magnapaulia-*": {
                  "biorealm": [
                    "pacific nearctic",
                  ]
                },

        "*-edmontosaurus-*": {
                  "biorealm": [
                    "pacific nearctic",
                    "atlantic nearctic",
                  ]
                },

        "*-hadrosaurus-*": {
                  "biorealm": [
                    "pacific nearctic",
                    "atlantic nearctic",
                    "central palearctic",
                  ]
                },

        "*-saurolophus-*": {
                  "biorealm": [
                    "pacific nearctic",
                    "atlantic nearctic",
                    "central palearctic",
                  ]
                },

        "*-hypacrosaurus-*": {
                  "biorealm": [
                    "pacific nearctic",
                    "atlantic nearctic",
                  ]
                },

        "*-parasaurolophus-*": {
                  "biorealm": [
                    "pacific nearctic",
                    "atlantic nearctic",
                  ]
                },

        "*-charonosaurus-*": {
                  "biorealm": [
                    "eastern palearctic",
                  ]
                },

        "*-olorotitan-*": {
                  "biorealm": [
                    "eastern palearctic",
                  ]
                },

        "*-hypsibema-*": {
                  "biorealm": [
                    "atlantic nearctic",
                  ]
                },

        "*-gryposaurus-*": {
                  "biorealm": [
                    "pacific nearctic",
                    "atlantic nearctic",
                  ]
                },

        "*-lambeosaurus-*": {
                  "biorealm": [
                    "pacific nearctic",
                    "atlantic nearctic",
                  ]
                },

        "*-brachylophosaurus-*": {
                  "biorealm": [
                    "pacific nearctic",
                    "atlantic nearctic",
                  ]
                },

        "*-corythosaurus-*": {
                  "biorealm": [
                    "pacific nearctic",
                    "atlantic nearctic",
                  ]
                },

        "*-maiasaura-*": {
                  "biorealm": [
                    "pacific nearctic",
                    "atlantic nearctic",
                  ]
                },

        "*-barsboldia-*": {
                  "biorealm": [
                    "eastern palearctic",
                  ]
                },

        "*-amurosaurus-*": {
                  "biorealm": [
                    "eastern palearctic",
                  ]
                },

        "*-arenysaurus-*": {
                  "biorealm": [
                    "atlantic palearctic",
                  ]
                },

        "*-bonapartesaurus-*": {
                  "biorealm": [
                    "atlantic neotropic",
                  ]
                },

        "*-pararhabdodon-*": {
                  "biorealm": [
                    "atlantic palearctic",
                  ]
                },

        "*-telmatosaurus-*": {
                  "biorealm": [
                    "atlantic palearctic",
                  ]
                },

        "*-secernosaurus-*": {
                  "biorealm": [
                    "atlantic neotropic",
                  ]
                },

        "*-probactrosaurus-*": {
                  "biorealm": [
                    "eastern palearctic",
                  ]
                },

        "*-acristavus-*": {
                  "biorealm": [
                    "pacific nearctic",
                    "atlantic nearctic",
                  ]
                },

        "*-kazaklambia-*": {
                  "biorealm": [
                    "central palearctic",
                  ]
                },

        "*-tanius-*": {
                  "biorealm": [
                    "eastern palearctic",
                  ]
                },

        "*-canardia-*": {
                  "biorealm": [
                    "atlantic palearctic",
                  ]
                },

    },
    "dependsOn": [
      {
        "modid": "biomes"
      }
    ]
  },
]
