{
	"editor": {
		"backDropShape": "/home/tiger/.var/app/at.vintagestory.VintageStory/config/VintagestoryData/Mods/LoP-Hadro/assets/hadrosauroidea/shapes/entity/land/hadrosauroidea/charonosaurus/adult",
		"collapsedPaths": "Root/Leather square center,Root/Leather square center/Leather square center L,Root/Center/Bar,Root/Center/Strap Main2/Main strap top R2,Root/Center,Root/Center/Cube2,Root/Ring L,Root/Center/Strap Main2/Main strap top L2,Root/Ring R,Root/Main Saddle bottom,Root/Mainstrap  bulge  L,Root/Main strap bottom L2,Root/Leather square center2,Root/Main strap top R,Root/Leather square center/Leather square center L9,Root/Main strap bottom L,Root,Root/Strap Main/Main strap top L,Root/Center/Strap Main/Main strap top L/Ring L,Root/Main strap top L,Root/Leather square center2/Leather square center L3,Root/Strap Main/Main strap top R,Root/Center/Strap Main/Main strap top L4,Root/Strap Main2,Root/Center/Strap Main,Root/Center/Strap Main/Main strap top L/Main strap bottom L,Root/Strap Main2/Main strap top L2,Root/Main Saddle bottom/Saddle Back In",
		"allAngles": true,
		"entityTextureMode": false
	},
	"textureWidth": 16,
	"textureHeight": 16,
	"textureSizes": {
	},
	"textures": {
	},
	"elements": [
		{
			"name": "Center",
			"stepParentName": "Head",
			"from": [ 18.3, -34.8, -0.7 ],
			"to": [ 18.3, -34.8, -0.7 ],
			"rotationOrigin": [ 10.5, 7.3, 4.5 ],
			"faces": {
				"north": { "texture": "#plain", "uv": [ 0.0, 0.0, 0.5, 0.5 ], "autoUv": false },
				"east": { "texture": "#plain", "uv": [ 0.0, 0.0, 0.5, 0.5 ], "autoUv": false },
				"south": { "texture": "#plain", "uv": [ 0.0, 0.0, 0.5, 0.5 ], "autoUv": false },
				"west": { "texture": "#plain", "uv": [ 0.0, 0.0, 0.5, 0.5 ], "autoUv": false },
				"up": { "texture": "#plain", "uv": [ 0.0, 0.0, 0.5, 0.5 ], "autoUv": false },
				"down": { "texture": "#plain", "uv": [ 0.0, 0.0, 0.5, 0.5 ], "autoUv": false }
			},
			"children": [
				{
					"name": "Bar",
					"from": [ -34.4, 38.2, -0.4 ],
					"to": [ -33.4, 39.2, 11.3 ],
					"rotationOrigin": [ -2.0, 7.7, -0.4 ],
					"faces": {
						"north": { "texture": "#steel", "uv": [ 0.0, 0.0, 1.5, 1.5 ], "autoUv": false },
						"east": { "texture": "#steel", "uv": [ 0.0, 0.0, 16.0, 1.5 ], "autoUv": false },
						"south": { "texture": "#steel", "uv": [ 0.0, 0.0, 1.5, 1.5 ], "autoUv": false },
						"west": { "texture": "#steel", "uv": [ 0.0, 0.0, 16.0, 1.5 ], "autoUv": false },
						"up": { "texture": "#steel", "uv": [ 0.0, 0.0, 1.5, 16.0 ], "autoUv": false },
						"down": { "texture": "#steel", "uv": [ 0.0, 0.0, 1.5, 16.0 ], "autoUv": false }
					},
					"children": [
						{
							"name": "Cube3",
							"from": [ -0.4, -0.4, 0.2 ],
							"to": [ 1.6, 1.6, 0.8 ],
							"rotationOrigin": [ -0.4, -0.4, 0.2 ],
							"faces": {
								"north": { "texture": "#brass", "uv": [ 0.0, 0.0, 3.0, 3.0 ], "autoUv": false },
								"east": { "texture": "#brass", "uv": [ 0.0, 0.0, 1.0, 3.0 ], "autoUv": false },
								"south": { "texture": "#brass", "uv": [ 0.0, 0.0, 3.0, 3.0 ], "autoUv": false },
								"west": { "texture": "#brass", "uv": [ 0.0, 0.0, 1.0, 3.0 ], "autoUv": false },
								"up": { "texture": "#brass", "uv": [ 0.0, 0.0, 3.0, 1.0 ], "autoUv": false },
								"down": { "texture": "#brass", "uv": [ 0.0, 0.0, 3.0, 1.0 ], "autoUv": false }
							}
						},
						{
							"name": "Cube4",
							"from": [ -0.4, -0.4, 10.9 ],
							"to": [ 1.6, 1.6, 11.5 ],
							"rotationOrigin": [ -0.7, -1.4, 10.9 ],
							"faces": {
								"north": { "texture": "#brass", "uv": [ 0.0, 0.0, 3.0, 3.0 ], "autoUv": false },
								"east": { "texture": "#brass", "uv": [ 0.0, 0.0, 1.0, 3.0 ], "autoUv": false },
								"south": { "texture": "#brass", "uv": [ 0.0, 0.0, 3.0, 3.0 ], "autoUv": false },
								"west": { "texture": "#brass", "uv": [ 0.0, 0.0, 1.0, 3.0 ], "autoUv": false },
								"up": { "texture": "#brass", "uv": [ 0.0, 0.0, 3.0, 1.0 ], "autoUv": false },
								"down": { "texture": "#brass", "uv": [ 0.0, 0.0, 3.0, 1.0 ], "autoUv": false }
							}
						}
					]
				},
				{
					"name": "Cube5",
					"from": [ -34.0, 38.5, 9.4 ],
					"to": [ -26.5, 39.5, 10.4 ],
					"rotationOrigin": [ -34.0, 38.5, 9.4 ],
					"rotationY": -39.0,
					"rotationZ": -44.0,
					"faces": {
						"north": { "texture": "#plain", "uv": [ 0.0, 0.0, 10.5, 1.5 ], "autoUv": false },
						"east": { "texture": "#plain", "uv": [ 0.0, 0.0, 1.5, 1.5 ], "autoUv": false },
						"south": { "texture": "#plain", "uv": [ 0.0, 0.0, 10.5, 1.5 ], "autoUv": false },
						"west": { "texture": "#plain", "uv": [ 0.0, 0.0, 1.5, 1.5 ], "autoUv": false },
						"up": { "texture": "#plain", "uv": [ 0.0, 0.0, 10.5, 1.5 ], "autoUv": false },
						"down": { "texture": "#plain", "uv": [ 0.0, 0.0, 10.5, 1.5 ], "autoUv": false }
					},
					"children": [
						{
							"name": "Cube6",
							"from": [ 7.4, -0.1, 0.3 ],
							"to": [ 72.8, 0.9, 1.3 ],
							"rotationOrigin": [ 7.4, -0.1, 0.3 ],
							"rotationX": -33.0,
							"rotationZ": 74.0,
							"faces": {
								"north": { "texture": "#plain", "uv": [ 0.0, 0.0, 16.0, 1.5 ], "autoUv": false },
								"east": { "texture": "#plain", "uv": [ 0.0, 0.0, 1.5, 1.5 ], "autoUv": false },
								"south": { "texture": "#plain", "uv": [ 0.0, 0.0, 16.0, 1.5 ], "autoUv": false },
								"west": { "texture": "#plain", "uv": [ 0.0, 0.0, 1.5, 1.5 ], "autoUv": false },
								"up": { "texture": "#plain", "uv": [ 0.0, 0.0, 16.0, 1.5 ], "autoUv": false },
								"down": { "texture": "#plain", "uv": [ 0.0, 0.0, 16.0, 1.5 ], "autoUv": false }
							}
						}
					]
				},
				{
					"name": "Cube9",
					"from": [ -34.0, 38.5, 1.0 ],
					"to": [ -26.5, 39.5, 2.0 ],
					"rotationOrigin": [ -34.0, 38.5, 1.9 ],
					"rotationY": 39.0,
					"rotationZ": -44.0,
					"faces": {
						"north": { "texture": "#plain", "uv": [ 0.0, 0.0, 11.5, 1.5 ], "autoUv": false },
						"east": { "texture": "#plain", "uv": [ 0.0, 0.0, 1.5, 1.5 ], "autoUv": false },
						"south": { "texture": "#plain", "uv": [ 0.0, 0.0, 11.5, 1.5 ], "autoUv": false },
						"west": { "texture": "#plain", "uv": [ 0.0, 0.0, 1.5, 1.5 ], "autoUv": false },
						"up": { "texture": "#plain", "uv": [ 0.0, 0.0, 11.5, 1.5 ], "autoUv": false },
						"down": { "texture": "#plain", "uv": [ 0.0, 0.0, 11.5, 1.5 ], "autoUv": false }
					},
					"children": [
						{
							"name": "Cube10",
							"from": [ 7.4, -0.1, -0.3 ],
							"to": [ 72.6, 0.9, 0.7 ],
							"rotationOrigin": [ 7.4, -0.1, 0.7 ],
							"rotationX": 33.0,
							"rotationZ": 74.0,
							"faces": {
								"north": { "texture": "#plain", "uv": [ 0.0, 0.0, 16.0, 1.5 ], "autoUv": false },
								"east": { "texture": "#plain", "uv": [ 0.0, 0.0, 1.5, 1.5 ], "autoUv": false },
								"south": { "texture": "#plain", "uv": [ 0.0, 0.0, 16.0, 1.5 ], "autoUv": false },
								"west": { "texture": "#plain", "uv": [ 0.0, 0.0, 1.5, 1.5 ], "autoUv": false },
								"up": { "texture": "#plain", "uv": [ 0.0, 0.0, 16.0, 1.5 ], "autoUv": false },
								"down": { "texture": "#plain", "uv": [ 0.0, 0.0, 16.0, 1.5 ], "autoUv": false }
							}
						}
					]
				},
				{
					"name": "Cube12",
					"from": [ -33.4, 38.5, 10.1 ],
					"to": [ -10.3, 39.5, 11.1 ],
					"rotationOrigin": [ -33.4, 38.5, 10.5 ],
					"rotationY": -2.0,
					"rotationZ": 8.0,
					"faces": {
						"north": { "texture": "#plain", "uv": [ 0.0, 0.0, 9.5, 1.5 ], "autoUv": false },
						"east": { "texture": "#plain", "uv": [ 0.0, 0.0, 1.5, 1.5 ], "autoUv": false },
						"south": { "texture": "#plain", "uv": [ 0.0, 0.0, 9.5, 1.5 ], "autoUv": false },
						"west": { "texture": "#plain", "uv": [ 0.0, 0.0, 1.5, 1.5 ], "autoUv": false },
						"up": { "texture": "#plain", "uv": [ 0.0, 0.0, 9.5, 1.5 ], "autoUv": false },
						"down": { "texture": "#plain", "uv": [ 0.0, 0.0, 9.5, 1.5 ], "autoUv": false }
					},
					"children": [
						{
							"name": "Cube14",
							"from": [ 23.1, 0.0, 0.0 ],
							"to": [ 24.1, 1.0, 1.0 ],
							"rotationOrigin": [ 24.0, 0.0, 0.5 ],
							"faces": {
								"north": { "texture": "#plain", "uv": [ 0.0, 0.0, 1.5, 1.5 ], "autoUv": false },
								"east": { "texture": "#plain", "uv": [ 0.0, 0.0, 1.5, 1.5 ], "autoUv": false },
								"south": { "texture": "#plain", "uv": [ 0.0, 0.0, 1.5, 1.5 ], "autoUv": false },
								"west": { "texture": "#plain", "uv": [ 0.0, 0.0, 1.5, 1.5 ], "autoUv": false },
								"up": { "texture": "#plain", "uv": [ 0.0, 0.0, 1.5, 1.5 ], "autoUv": false },
								"down": { "texture": "#plain", "uv": [ 0.0, 0.0, 1.5, 1.5 ], "autoUv": false }
							}
						}
					]
				},
				{
					"name": "Cube18",
					"from": [ -33.4, 38.5, 0.4 ],
					"to": [ -10.3, 39.5, 1.4 ],
					"rotationOrigin": [ -33.4, 38.5, 0.8 ],
					"rotationY": 2.0,
					"rotationZ": 8.0,
					"faces": {
						"north": { "texture": "#plain", "uv": [ 0.0, 0.0, 9.5, 1.5 ], "autoUv": false },
						"east": { "texture": "#plain", "uv": [ 0.0, 0.0, 1.5, 1.5 ], "autoUv": false },
						"south": { "texture": "#plain", "uv": [ 0.0, 0.0, 9.5, 1.5 ], "autoUv": false },
						"west": { "texture": "#plain", "uv": [ 0.0, 0.0, 1.5, 1.5 ], "autoUv": false },
						"up": { "texture": "#plain", "uv": [ 0.0, 0.0, 9.5, 1.5 ], "autoUv": false },
						"down": { "texture": "#plain", "uv": [ 0.0, 0.0, 9.5, 1.5 ], "autoUv": false }
					},
					"children": [
						{
							"name": "Cube19",
							"from": [ 23.1, 0.0, 0.0 ],
							"to": [ 24.1, 1.0, 1.0 ],
							"rotationOrigin": [ 24.0, 0.0, 0.5 ],
							"faces": {
								"north": { "texture": "#plain", "uv": [ 0.0, 0.0, 1.5, 1.5 ], "autoUv": false },
								"east": { "texture": "#plain", "uv": [ 0.0, 0.0, 1.5, 1.5 ], "autoUv": false },
								"south": { "texture": "#plain", "uv": [ 0.0, 0.0, 1.5, 1.5 ], "autoUv": false },
								"west": { "texture": "#plain", "uv": [ 0.0, 0.0, 1.5, 1.5 ], "autoUv": false },
								"up": { "texture": "#plain", "uv": [ 0.0, 0.0, 1.5, 1.5 ], "autoUv": false },
								"down": { "texture": "#plain", "uv": [ 0.0, 0.0, 1.5, 1.5 ], "autoUv": false }
							}
						}
					]
				},
				{
					"name": "Cube8",
					"from": [ 40.8, 65.9, 1.8 ],
					"to": [ 42.0, 66.9, 9.7 ],
					"rotationOrigin": [ 40.8, 65.9, 1.8 ],
					"faces": {
						"north": { "texture": "#plain", "uv": [ 0.0, 0.0, 1.5, 1.5 ], "autoUv": false },
						"east": { "texture": "#plain", "uv": [ 0.0, 0.0, 8.0, 1.5 ], "autoUv": false },
						"south": { "texture": "#plain", "uv": [ 0.0, 0.0, 1.5, 1.5 ], "autoUv": false },
						"west": { "texture": "#plain", "uv": [ 0.0, 0.0, 8.0, 1.5 ], "autoUv": false },
						"up": { "texture": "#plain", "uv": [ 0.0, 0.0, 1.5, 8.0 ], "autoUv": false },
						"down": { "texture": "#plain", "uv": [ 0.0, 0.0, 1.5, 8.0 ], "autoUv": false }
					},
					"children": [
						{
							"name": "Cube13",
							"from": [ -11.5, -7.3, 15.6 ],
							"to": [ 4.9, -6.3, 16.6 ],
							"rotationOrigin": [ -11.5, -7.3, 15.6 ],
							"rotationX": -14.6,
							"rotationY": 28.0,
							"rotationZ": 33.0,
							"faces": {
								"north": { "texture": "#plain", "uv": [ 0.0, 0.0, 16.0, 1.5 ], "autoUv": false },
								"east": { "texture": "#plain", "uv": [ 0.0, 0.0, 1.5, 1.5 ], "autoUv": false },
								"south": { "texture": "#plain", "uv": [ 0.0, 0.0, 16.0, 1.5 ], "autoUv": false },
								"west": { "texture": "#plain", "uv": [ 0.0, 0.0, 1.5, 1.5 ], "autoUv": false },
								"up": { "texture": "#plain", "uv": [ 0.0, 0.0, 16.0, 1.5 ], "autoUv": false },
								"down": { "texture": "#plain", "uv": [ 0.0, 0.0, 16.0, 1.5 ], "autoUv": false }
							}
						},
						{
							"name": "Cube15",
							"from": [ -11.5, -7.3, -8.6 ],
							"to": [ 4.9, -6.3, -7.6 ],
							"rotationOrigin": [ -11.5, -7.3, -7.8 ],
							"rotationX": 14.6,
							"rotationY": -28.0,
							"rotationZ": 33.0,
							"faces": {
								"north": { "texture": "#plain", "uv": [ 0.0, 0.0, 16.0, 1.5 ], "autoUv": false },
								"east": { "texture": "#plain", "uv": [ 0.0, 0.0, 1.5, 1.5 ], "autoUv": false },
								"south": { "texture": "#plain", "uv": [ 0.0, 0.0, 16.0, 1.5 ], "autoUv": false },
								"west": { "texture": "#plain", "uv": [ 0.0, 0.0, 1.5, 1.5 ], "autoUv": false },
								"up": { "texture": "#plain", "uv": [ 0.0, 0.0, 16.0, 1.5 ], "autoUv": false },
								"down": { "texture": "#plain", "uv": [ 0.0, 0.0, 16.0, 1.5 ], "autoUv": false }
							}
						}
					]
				},
				{
					"name": "Strap Main",
					"from": [ -12.1367, 48.4437, 2.9 ],
					"to": [ -12.1367, 48.4437, 2.9 ],
					"rotationOrigin": [ -8.4367, 43.2437, 6.1 ],
					"rotationZ": 0.0,
					"faces": {
						"north": { "texture": "#plain", "uv": [ 0.0, 0.0, 0.5, 0.5 ], "autoUv": false },
						"east": { "texture": "#plain", "uv": [ 0.0, 0.0, 0.5, 0.5 ], "autoUv": false },
						"south": { "texture": "#plain", "uv": [ 0.0, 0.0, 0.5, 0.5 ], "autoUv": false },
						"west": { "texture": "#plain", "uv": [ 0.0, 0.0, 0.5, 0.5 ], "autoUv": false },
						"up": { "texture": "#plain", "uv": [ 0.0, 0.0, 0.5, 0.5 ], "autoUv": false },
						"down": { "texture": "#plain", "uv": [ 0.0, 0.0, 0.5, 0.5 ], "autoUv": false }
					},
					"children": [
						{
							"name": "Main strap top L",
							"from": [ 2.6, -4.3, 8.4 ],
							"to": [ 4.7, -3.1, 8.9 ],
							"rotationOrigin": [ 2.6, -4.3, 8.4 ],
							"rotationX": -3.0,
							"faces": {
								"north": { "texture": "#plain", "uv": [ 0.0, 0.0, 4.0, 2.0 ], "autoUv": false },
								"east": { "texture": "#plain", "uv": [ 0.0, 0.0, 1.0, 2.0 ], "autoUv": false },
								"south": { "texture": "#plain", "uv": [ 0.0, 0.0, 4.0, 2.0 ], "autoUv": false },
								"west": { "texture": "#plain", "uv": [ 0.0, 0.0, 1.0, 2.0 ], "autoUv": false },
								"up": { "texture": "#plain", "uv": [ 0.0, 0.0, 4.0, 1.0 ], "autoUv": false },
								"down": { "texture": "#plain", "uv": [ 0.0, 0.0, 4.0, 1.0 ], "autoUv": false }
							}
						},
						{
							"name": "Main strap top L2",
							"from": [ 2.6, -3.3, 8.4 ],
							"to": [ 4.7, 1.1, 8.9 ],
							"rotationOrigin": [ 2.6, -3.3, 8.4 ],
							"rotationX": -30.0,
							"faces": {
								"north": { "texture": "#plain", "uv": [ 0.0, 0.0, 4.0, 2.0 ], "autoUv": false },
								"east": { "texture": "#plain", "uv": [ 0.0, 0.0, 1.0, 2.0 ], "autoUv": false },
								"south": { "texture": "#plain", "uv": [ 0.0, 0.0, 4.0, 2.0 ], "autoUv": false },
								"west": { "texture": "#plain", "uv": [ 0.0, 0.0, 1.0, 2.0 ], "autoUv": false },
								"up": { "texture": "#plain", "uv": [ 0.0, 0.0, 4.0, 1.0 ], "autoUv": false },
								"down": { "texture": "#plain", "uv": [ 0.0, 0.0, 4.0, 1.0 ], "autoUv": false }
							}
						},
						{
							"name": "Main strap top L6",
							"from": [ 2.6, -3.4, -3.1 ],
							"to": [ 4.7, 1.2, -2.6 ],
							"rotationOrigin": [ 2.6, -3.4, -3.1 ],
							"rotationX": 25.0,
							"faces": {
								"north": { "texture": "#plain", "uv": [ 0.0, 0.0, 4.0, 2.0 ], "autoUv": false },
								"east": { "texture": "#plain", "uv": [ 0.0, 0.0, 1.0, 2.0 ], "autoUv": false },
								"south": { "texture": "#plain", "uv": [ 0.0, 0.0, 4.0, 2.0 ], "autoUv": false },
								"west": { "texture": "#plain", "uv": [ 0.0, 0.0, 1.0, 2.0 ], "autoUv": false },
								"up": { "texture": "#plain", "uv": [ 0.0, 0.0, 4.0, 1.0 ], "autoUv": false },
								"down": { "texture": "#plain", "uv": [ 0.0, 0.0, 4.0, 1.0 ], "autoUv": false }
							}
						},
						{
							"name": "Main strap top L9",
							"from": [ 2.6, -4.4, -3.1 ],
							"to": [ 4.7, -3.4, -2.6 ],
							"rotationOrigin": [ 2.6, -4.4, -3.1 ],
							"faces": {
								"north": { "texture": "#plain", "uv": [ 0.0, 0.0, 4.0, 2.0 ], "autoUv": false },
								"east": { "texture": "#plain", "uv": [ 0.0, 0.0, 1.0, 2.0 ], "autoUv": false },
								"south": { "texture": "#plain", "uv": [ 0.0, 0.0, 4.0, 2.0 ], "autoUv": false },
								"west": { "texture": "#plain", "uv": [ 0.0, 0.0, 1.0, 2.0 ], "autoUv": false },
								"up": { "texture": "#plain", "uv": [ 0.0, 0.0, 4.0, 1.0 ], "autoUv": false },
								"down": { "texture": "#plain", "uv": [ 0.0, 0.0, 4.0, 1.0 ], "autoUv": false }
							}
						},
						{
							"name": "Main strap top L5",
							"from": [ 2.6, -16.8, -2.5 ],
							"to": [ 4.7, -16.3, 7.6 ],
							"rotationOrigin": [ 2.6, -15.8, -2.0 ],
							"faces": {
								"north": { "texture": "#plain", "uv": [ 0.0, 0.0, 16.0, 2.0 ], "autoUv": false },
								"east": { "texture": "#plain", "uv": [ 0.0, 0.0, 1.0, 2.0 ], "autoUv": false },
								"south": { "texture": "#plain", "uv": [ 0.0, 0.0, 16.0, 2.0 ], "autoUv": false },
								"west": { "texture": "#plain", "uv": [ 0.0, 0.0, 1.0, 2.0 ], "autoUv": false },
								"up": { "texture": "#plain", "uv": [ 0.0, 0.0, 16.0, 1.0 ], "autoUv": false },
								"down": { "texture": "#plain", "uv": [ 0.0, 0.0, 16.0, 1.0 ], "autoUv": false }
							}
						},
						{
							"name": "Main strap top L8",
							"from": [ 4.7, 0.3, 5.9 ],
							"to": [ 6.8, 0.8, 13.8 ],
							"rotationOrigin": [ 4.7, 0.4, 6.3 ],
							"rotationX": 180.0,
							"rotationZ": -180.0,
							"faces": {
								"north": { "texture": "#plain", "uv": [ 0.0, 0.0, 16.0, 2.0 ], "autoUv": false },
								"east": { "texture": "#plain", "uv": [ 0.0, 0.0, 1.0, 2.0 ], "autoUv": false },
								"south": { "texture": "#plain", "uv": [ 0.0, 0.0, 16.0, 2.0 ], "autoUv": false },
								"west": { "texture": "#plain", "uv": [ 0.0, 0.0, 1.0, 2.0 ], "autoUv": false },
								"up": { "texture": "#plain", "uv": [ 0.0, 0.0, 16.0, 1.0 ], "autoUv": false },
								"down": { "texture": "#plain", "uv": [ 0.0, 0.0, 16.0, 1.0 ], "autoUv": false }
							}
						},
						{
							"name": "Strap bulge L",
							"from": [ 2.6, -5.0, 8.1 ],
							"to": [ 4.7, -4.2, 9.1 ],
							"rotationOrigin": [ 2.6, -5.0, 8.1 ],
							"rotationX": 3.0,
							"faces": {
								"north": { "texture": "#plain", "uv": [ 0.0, 0.0, 4.0, 1.5 ], "autoUv": false },
								"east": { "texture": "#plain", "uv": [ 0.0, 0.0, 2.0, 1.5 ], "autoUv": false },
								"south": { "texture": "#plain", "uv": [ 0.0, 0.0, 4.0, 1.5 ], "autoUv": false },
								"west": { "texture": "#plain", "uv": [ 0.0, 0.0, 2.0, 1.5 ], "autoUv": false },
								"up": { "texture": "#plain", "uv": [ 0.0, 0.0, 4.0, 2.0 ], "autoUv": false },
								"down": { "texture": "#plain", "uv": [ 0.0, 0.0, 4.0, 2.0 ], "autoUv": false }
							}
						},
						{
							"name": "Ring L",
							"from": [ 2.3, -5.0, 8.3 ],
							"to": [ 4.9, -4.5, 8.8 ],
							"rotationOrigin": [ 2.3, -5.0, 8.6 ],
							"rotationX": 3.0,
							"faces": {
								"north": { "texture": "#steel", "uv": [ 0.0, 0.0, 5.0, 1.0 ], "autoUv": false },
								"east": { "texture": "#steel", "uv": [ 0.0, 0.0, 1.0, 1.0 ], "autoUv": false },
								"south": { "texture": "#steel", "uv": [ 6.0, 7.5, 11.0, 8.5 ], "autoUv": false },
								"west": { "texture": "#steel", "uv": [ 0.0, 0.0, 1.0, 1.0 ], "autoUv": false },
								"up": { "texture": "#steel", "uv": [ 0.0, 0.0, 5.0, 1.0 ], "autoUv": false },
								"down": { "texture": "#steel", "uv": [ 0.0, 0.0, 5.0, 1.0 ], "autoUv": false }
							},
							"children": [
								{
									"name": "Ring L1",
									"from": [ 2.6, -2.1, 0.0 ],
									"to": [ 3.1, 0.0, 0.5 ],
									"rotationOrigin": [ 2.6, -2.1, 0.3 ],
									"faces": {
										"north": { "texture": "#steel", "uv": [ 0.0, 0.0, 1.0, 4.0 ], "autoUv": false },
										"east": { "texture": "#steel", "uv": [ 0.0, 0.0, 1.0, 4.0 ], "autoUv": false },
										"south": { "texture": "#steel", "uv": [ 0.0, 0.0, 1.0, 4.0 ], "autoUv": false },
										"west": { "texture": "#steel", "uv": [ 0.0, 0.0, 1.0, 4.0 ], "autoUv": false },
										"up": { "texture": "#steel", "uv": [ 0.0, 0.0, 1.0, 1.0 ], "autoUv": false },
										"down": { "texture": "#steel", "uv": [ 0.0, 0.0, 1.0, 1.0 ], "autoUv": false }
									}
								},
								{
									"name": "Ring L2",
									"from": [ -0.5, -2.1, 0.0 ],
									"to": [ 0.0, 0.0, 0.5 ],
									"rotationOrigin": [ -0.5, -2.1, 0.3 ],
									"faces": {
										"north": { "texture": "#steel", "uv": [ 0.0, 0.0, 1.0, 4.0 ], "autoUv": false },
										"east": { "texture": "#steel", "uv": [ 0.0, 0.0, 1.0, 4.0 ], "autoUv": false },
										"south": { "texture": "#steel", "uv": [ 0.0, 0.0, 1.0, 4.0 ], "autoUv": false },
										"west": { "texture": "#steel", "uv": [ 0.0, 0.0, 1.0, 4.0 ], "autoUv": false },
										"up": { "texture": "#steel", "uv": [ 0.0, 0.0, 1.0, 1.0 ], "autoUv": false },
										"down": { "texture": "#steel", "uv": [ 0.0, 0.0, 1.0, 1.0 ], "autoUv": false }
									}
								},
								{
									"name": "Ring L3",
									"from": [ 0.0, -2.6, 0.0 ],
									"to": [ 2.6, -2.1, 0.5 ],
									"rotationOrigin": [ 0.0, -2.6, 0.3 ],
									"faces": {
										"north": { "texture": "#steel", "uv": [ 0.0, 0.0, 5.0, 1.0 ], "autoUv": false },
										"east": { "texture": "#steel", "uv": [ 0.0, 0.0, 1.0, 1.0 ], "autoUv": false },
										"south": { "texture": "#steel", "uv": [ 5.5, 7.0, 10.5, 8.0 ], "autoUv": false },
										"west": { "texture": "#steel", "uv": [ 0.0, 0.0, 1.0, 1.0 ], "autoUv": false },
										"up": { "texture": "#steel", "uv": [ 5.5, 7.5, 10.5, 8.5 ], "autoUv": false },
										"down": { "texture": "#steel", "uv": [ 0.0, 0.0, 5.0, 1.0 ], "autoUv": false }
									}
								}
							]
						},
						{
							"name": "Mainstrap  bulge  L1",
							"from": [ 2.6, -16.9, 7.8 ],
							"to": [ 4.7, -13.9, 8.3 ],
							"rotationOrigin": [ 2.6, -14.3, 8.4 ],
							"rotationX": 11.0,
							"faces": {
								"north": { "texture": "#plain", "uv": [ 0.0, 0.0, 4.0, 5.0 ], "autoUv": false },
								"east": { "texture": "#plain", "uv": [ 0.0, 0.0, 1.0, 5.0 ], "autoUv": false },
								"south": { "texture": "#plain", "uv": [ 0.0, 0.0, 5.0, 4.0 ], "rotation": 90, "autoUv": false },
								"west": { "texture": "#plain", "uv": [ 0.0, 0.0, 1.0, 5.0 ], "autoUv": false },
								"up": { "texture": "#plain", "uv": [ 0.0, 0.0, 4.0, 1.0 ], "autoUv": false },
								"down": { "texture": "#plain", "uv": [ 0.0, 0.0, 4.0, 1.0 ], "autoUv": false }
							}
						},
						{
							"name": "Main strap bottom L",
							"from": [ 2.6, -14.0, 7.9 ],
							"to": [ 4.7, -7.2, 8.4 ],
							"rotationOrigin": [ 2.6, -14.0, 7.9 ],
							"rotationX": 3.0,
							"faces": {
								"north": { "texture": "#plain", "uv": [ 0.0, 0.0, 4.0, 17.0 ], "autoUv": false },
								"east": { "texture": "#plain", "uv": [ 0.0, 0.0, 1.0, 16.0 ], "autoUv": false },
								"south": { "texture": "#plain", "uv": [ 0.0, 0.0, 16.0, 4.0 ], "rotation": 90, "autoUv": false },
								"west": { "texture": "#plain", "uv": [ 0.0, 0.0, 1.0, 16.0 ], "autoUv": false },
								"up": { "texture": "#plain", "uv": [ 0.0, 0.0, 4.0, 1.0 ], "autoUv": false },
								"down": { "texture": "#plain", "uv": [ 0.0, 0.0, 4.0, 1.0 ], "autoUv": false }
							},
							"children": [
								{
									"name": "Mainstrap  bulge  L",
									"from": [ 0.0, 6.2, -0.3 ],
									"to": [ 2.1, 7.2, 0.7 ],
									"rotationOrigin": [ 0.0, 6.2, -0.3 ],
									"faces": {
										"north": { "texture": "#plain", "uv": [ 0.0, 0.0, 4.0, 1.5 ], "autoUv": false },
										"east": { "texture": "#plain", "uv": [ 0.0, 0.0, 2.0, 1.5 ], "autoUv": false },
										"south": { "texture": "#plain", "uv": [ 0.0, 0.0, 4.0, 1.5 ], "autoUv": false },
										"west": { "texture": "#plain", "uv": [ 0.0, 0.0, 2.0, 1.5 ], "autoUv": false },
										"up": { "texture": "#plain", "uv": [ 0.0, 0.0, 4.0, 2.0 ], "autoUv": false },
										"down": { "texture": "#plain", "uv": [ 0.0, 0.0, 4.0, 2.0 ], "autoUv": false }
									}
								}
							]
						},
						{
							"name": "Strap bulge L2",
							"from": [ 4.7, -4.3, -3.3 ],
							"to": [ 6.8, -3.5, -2.3 ],
							"rotationOrigin": [ 4.7, -4.3, -3.3 ],
							"rotationZ": -180.0,
							"faces": {
								"north": { "texture": "#plain", "uv": [ 0.0, 0.0, 4.0, 1.5 ], "autoUv": false },
								"east": { "texture": "#plain", "uv": [ 0.0, 0.0, 2.0, 1.5 ], "autoUv": false },
								"south": { "texture": "#plain", "uv": [ 0.0, 0.0, 4.0, 1.5 ], "autoUv": false },
								"west": { "texture": "#plain", "uv": [ 0.0, 0.0, 2.0, 1.5 ], "autoUv": false },
								"up": { "texture": "#plain", "uv": [ 0.0, 0.0, 4.0, 2.0 ], "autoUv": false },
								"down": { "texture": "#plain", "uv": [ 0.0, 0.0, 4.0, 2.0 ], "autoUv": false }
							}
						},
						{
							"name": "Ring L4",
							"from": [ 5.0, -7.1, -3.1 ],
							"to": [ 7.6, -6.6, -2.6 ],
							"rotationOrigin": [ 5.0, -7.1, -2.9 ],
							"rotationZ": -180.0,
							"faces": {
								"north": { "texture": "#steel", "uv": [ 0.0, 0.0, 5.0, 1.0 ], "autoUv": false },
								"east": { "texture": "#steel", "uv": [ 0.0, 0.0, 1.0, 1.0 ], "autoUv": false },
								"south": { "texture": "#steel", "uv": [ 6.0, 7.5, 11.0, 8.5 ], "autoUv": false },
								"west": { "texture": "#steel", "uv": [ 0.0, 0.0, 1.0, 1.0 ], "autoUv": false },
								"up": { "texture": "#steel", "uv": [ 0.0, 0.0, 5.0, 1.0 ], "autoUv": false },
								"down": { "texture": "#steel", "uv": [ 0.0, 0.0, 5.0, 1.0 ], "autoUv": false }
							},
							"children": [
								{
									"name": "Ring L5",
									"from": [ 2.6, -2.1, 0.0 ],
									"to": [ 3.1, 0.0, 0.5 ],
									"rotationOrigin": [ 2.6, -2.1, 0.3 ],
									"faces": {
										"north": { "texture": "#steel", "uv": [ 0.0, 0.0, 1.0, 4.0 ], "autoUv": false },
										"east": { "texture": "#steel", "uv": [ 0.0, 0.0, 1.0, 4.0 ], "autoUv": false },
										"south": { "texture": "#steel", "uv": [ 0.0, 0.0, 1.0, 4.0 ], "autoUv": false },
										"west": { "texture": "#steel", "uv": [ 0.0, 0.0, 1.0, 4.0 ], "autoUv": false },
										"up": { "texture": "#steel", "uv": [ 0.0, 0.0, 1.0, 1.0 ], "autoUv": false },
										"down": { "texture": "#steel", "uv": [ 0.0, 0.0, 1.0, 1.0 ], "autoUv": false }
									}
								},
								{
									"name": "Ring L6",
									"from": [ -0.5, -2.1, 0.0 ],
									"to": [ 0.0, 0.0, 0.5 ],
									"rotationOrigin": [ -0.5, -2.1, 0.3 ],
									"faces": {
										"north": { "texture": "#steel", "uv": [ 0.0, 0.0, 1.0, 4.0 ], "autoUv": false },
										"east": { "texture": "#steel", "uv": [ 0.0, 0.0, 1.0, 4.0 ], "autoUv": false },
										"south": { "texture": "#steel", "uv": [ 0.0, 0.0, 1.0, 4.0 ], "autoUv": false },
										"west": { "texture": "#steel", "uv": [ 0.0, 0.0, 1.0, 4.0 ], "autoUv": false },
										"up": { "texture": "#steel", "uv": [ 0.0, 0.0, 1.0, 1.0 ], "autoUv": false },
										"down": { "texture": "#steel", "uv": [ 0.0, 0.0, 1.0, 1.0 ], "autoUv": false }
									}
								},
								{
									"name": "Ring L7",
									"from": [ 0.0, -2.6, 0.0 ],
									"to": [ 2.6, -2.1, 0.5 ],
									"rotationOrigin": [ 0.0, -2.6, 0.3 ],
									"faces": {
										"north": { "texture": "#steel", "uv": [ 0.0, 0.0, 5.0, 1.0 ], "autoUv": false },
										"east": { "texture": "#steel", "uv": [ 0.0, 0.0, 1.0, 1.0 ], "autoUv": false },
										"south": { "texture": "#steel", "uv": [ 5.5, 7.0, 10.5, 8.0 ], "autoUv": false },
										"west": { "texture": "#steel", "uv": [ 0.0, 0.0, 1.0, 1.0 ], "autoUv": false },
										"up": { "texture": "#steel", "uv": [ 5.5, 7.5, 10.5, 8.5 ], "autoUv": false },
										"down": { "texture": "#steel", "uv": [ 0.0, 0.0, 5.0, 1.0 ], "autoUv": false }
									}
								}
							]
						},
						{
							"name": "Main strap bottom L2",
							"from": [ 4.7, -14.0, -2.7 ],
							"to": [ 6.8, -7.2, -2.2 ],
							"rotationOrigin": [ 4.7, -14.0, -2.7 ],
							"rotationX": -180.0,
							"rotationZ": -180.0,
							"faces": {
								"north": { "texture": "#plain", "uv": [ 0.0, 0.0, 4.0, 16.0 ], "autoUv": false },
								"east": { "texture": "#plain", "uv": [ 0.0, 0.0, 1.0, 16.0 ], "autoUv": false },
								"south": { "texture": "#plain", "uv": [ 0.0, 0.0, 16.0, 4.0 ], "rotation": 90, "autoUv": false },
								"west": { "texture": "#plain", "uv": [ 0.0, 0.0, 1.0, 16.0 ], "autoUv": false },
								"up": { "texture": "#plain", "uv": [ 0.0, 0.0, 4.0, 1.0 ], "autoUv": false },
								"down": { "texture": "#plain", "uv": [ 0.0, 0.0, 4.0, 1.0 ], "autoUv": false }
							},
							"children": [
								{
									"name": "Mainstrap  bulge  L2",
									"from": [ 0.0, 6.2, -0.3 ],
									"to": [ 2.1, 7.0, 0.7 ],
									"rotationOrigin": [ 0.0, 6.2, -0.3 ],
									"faces": {
										"north": { "texture": "#plain", "uv": [ 0.0, 0.0, 4.0, 1.5 ], "autoUv": false },
										"east": { "texture": "#plain", "uv": [ 0.0, 0.0, 2.0, 1.5 ], "autoUv": false },
										"south": { "texture": "#plain", "uv": [ 0.0, 0.0, 4.0, 1.5 ], "autoUv": false },
										"west": { "texture": "#plain", "uv": [ 0.0, 0.0, 2.0, 1.5 ], "autoUv": false },
										"up": { "texture": "#plain", "uv": [ 0.0, 0.0, 4.0, 2.0 ], "autoUv": false },
										"down": { "texture": "#plain", "uv": [ 0.0, 0.0, 4.0, 2.0 ], "autoUv": false }
									}
								}
							]
						},
						{
							"name": "Mainstrap  bulge  L3",
							"from": [ 4.7, -16.9, -3.8 ],
							"to": [ 6.8, -13.9, -3.3 ],
							"rotationOrigin": [ 4.7, -14.3, -3.2 ],
							"rotationX": 169.0,
							"rotationZ": 180.0,
							"faces": {
								"north": { "texture": "#plain", "uv": [ 0.0, 0.0, 4.0, 5.0 ], "autoUv": false },
								"east": { "texture": "#plain", "uv": [ 0.0, 0.0, 1.0, 5.0 ], "autoUv": false },
								"south": { "texture": "#plain", "uv": [ 0.0, 0.0, 5.0, 4.0 ], "rotation": 90, "autoUv": false },
								"west": { "texture": "#plain", "uv": [ 0.0, 0.0, 1.0, 5.0 ], "autoUv": false },
								"up": { "texture": "#plain", "uv": [ 0.0, 0.0, 4.0, 1.0 ], "autoUv": false },
								"down": { "texture": "#plain", "uv": [ 0.0, 0.0, 4.0, 1.0 ], "autoUv": false }
							}
						}
					]
				}
			]
		}
	]}