﻿{
  "code": "creature",
  "class": "ItemCreature",
  "maxstacksize": 64,
  "variantgroups": [
    {
      "code": "type",
      "states": [ 
		"hadrosauroidea-shangtungosaurus-adult-male","hadrosauroidea-shangtungosaurus-adult-female", "hadrosauroidea-shangtungosaurus-baby-male", "hadrosauroidea-shangtungosaurus-baby-female","hadrosauroidea-shangtungosaurus-nest-mature","hadrosauroidea-shangtungosaurus-nest-incubating","hadrosauroidea-shangtungosaurus-nest-empty",
		"hadrosauroidea-magnapaulia-adult-male","hadrosauroidea-magnapaulia-adult-female", "hadrosauroidea-magnapaulia-baby-male", "hadrosauroidea-magnapaulia-baby-female","hadrosauroidea-magnapaulia-nest-mature","hadrosauroidea-magnapaulia-nest-incubating","hadrosauroidea-magnapaulia-nest-empty",
		"hadrosauroidea-edmontosaurus-adult-male","hadrosauroidea-edmontosaurus-adult-female", "hadrosauroidea-edmontosaurus-baby-male", "hadrosauroidea-edmontosaurus-baby-female","hadrosauroidea-edmontosaurus-nest-mature","hadrosauroidea-edmontosaurus-nest-incubating","hadrosauroidea-edmontosaurus-nest-empty",
		"hadrosauroidea-hadrosaurus-adult-male","hadrosauroidea-hadrosaurus-adult-female", "hadrosauroidea-hadrosaurus-baby-male", "hadrosauroidea-hadrosaurus-baby-female","hadrosauroidea-hadrosaurus-nest-mature","hadrosauroidea-hadrosaurus-nest-incubating","hadrosauroidea-hadrosaurus-nest-empty",
		"hadrosauroidea-saurolophus-adult-male","hadrosauroidea-saurolophus-adult-female", "hadrosauroidea-saurolophus-baby-male", "hadrosauroidea-saurolophus-baby-female","hadrosauroidea-saurolophus-nest-mature","hadrosauroidea-saurolophus-nest-incubating","hadrosauroidea-saurolophus-nest-empty",
		"hadrosauroidea-hypacrosaurus-adult-male","hadrosauroidea-hypacrosaurus-adult-female", "hadrosauroidea-hypacrosaurus-baby-male", "hadrosauroidea-hypacrosaurus-baby-female","hadrosauroidea-hypacrosaurus-nest-mature","hadrosauroidea-hypacrosaurus-nest-incubating","hadrosauroidea-hypacrosaurus-nest-empty",
		"hadrosauroidea-parasaurolophus-adult-male","hadrosauroidea-parasaurolophus-adult-female", "hadrosauroidea-parasaurolophus-baby-male", "hadrosauroidea-parasaurolophus-baby-female","hadrosauroidea-parasaurolophus-nest-mature","hadrosauroidea-parasaurolophus-nest-incubating","hadrosauroidea-parasaurolophus-nest-empty",
		"hadrosauroidea-charonosaurus-adult-male","hadrosauroidea-charonosaurus-adult-female", "hadrosauroidea-charonosaurus-baby-male", "hadrosauroidea-charonosaurus-baby-female","hadrosauroidea-charonosaurus-nest-mature","hadrosauroidea-charonosaurus-nest-incubating","hadrosauroidea-charonosaurus-nest-empty",
		"hadrosauroidea-olorotitan-adult-male","hadrosauroidea-olorotitan-adult-female", "hadrosauroidea-olorotitan-baby-male", "hadrosauroidea-olorotitan-baby-female","hadrosauroidea-olorotitan-nest-mature","hadrosauroidea-olorotitan-nest-incubating","hadrosauroidea-olorotitan-nest-empty",
		"hadrosauroidea-hypsibema-adult-male","hadrosauroidea-hypsibema-adult-female", "hadrosauroidea-hypsibema-baby-male", "hadrosauroidea-hypsibema-baby-female","hadrosauroidea-hypsibema-nest-mature","hadrosauroidea-hypsibema-nest-incubating","hadrosauroidea-hypsibema-nest-empty",
		"hadrosauroidea-gryposaurus-adult-male","hadrosauroidea-gryposaurus-adult-female", "hadrosauroidea-gryposaurus-baby-male", "hadrosauroidea-gryposaurus-baby-female","hadrosauroidea-gryposaurus-nest-mature","hadrosauroidea-gryposaurus-nest-incubating","hadrosauroidea-gryposaurus-nest-empty",
		"hadrosauroidea-lambeosaurus-adult-male","hadrosauroidea-lambeosaurus-adult-female", "hadrosauroidea-lambeosaurus-baby-male", "hadrosauroidea-lambeosaurus-baby-female","hadrosauroidea-lambeosaurus-nest-mature","hadrosauroidea-lambeosaurus-nest-incubating","hadrosauroidea-lambeosaurus-nest-empty",
		"hadrosauroidea-brachylophosaurus-adult-male","hadrosauroidea-brachylophosaurus-adult-female", "hadrosauroidea-brachylophosaurus-baby-male", "hadrosauroidea-brachylophosaurus-baby-female","hadrosauroidea-brachylophosaurus-nest-mature","hadrosauroidea-brachylophosaurus-nest-incubating","hadrosauroidea-brachylophosaurus-nest-empty",
		"hadrosauroidea-corythosaurus-adult-male","hadrosauroidea-corythosaurus-adult-female", "hadrosauroidea-corythosaurus-baby-male", "hadrosauroidea-corythosaurus-baby-female","hadrosauroidea-corythosaurus-nest-mature","hadrosauroidea-corythosaurus-nest-incubating","hadrosauroidea-corythosaurus-nest-empty",
		"hadrosauroidea-maiasaura-adult-male","hadrosauroidea-maiasaura-adult-female", "hadrosauroidea-maiasaura-baby-male", "hadrosauroidea-maiasaura-baby-female","hadrosauroidea-maiasaura-nest-mature","hadrosauroidea-maiasaura-nest-incubating","hadrosauroidea-maiasaura-nest-empty",
		"hadrosauroidea-barsboldia-adult-male","hadrosauroidea-barsboldia-adult-female", "hadrosauroidea-barsboldia-baby-male", "hadrosauroidea-barsboldia-baby-female","hadrosauroidea-barsboldia-nest-mature","hadrosauroidea-barsboldia-nest-incubating","hadrosauroidea-barsboldia-nest-empty",
		"hadrosauroidea-amurosaurus-adult-male","hadrosauroidea-amurosaurus-adult-female", "hadrosauroidea-amurosaurus-baby-male", "hadrosauroidea-amurosaurus-baby-female","hadrosauroidea-amurosaurus-nest-mature","hadrosauroidea-amurosaurus-nest-incubating","hadrosauroidea-amurosaurus-nest-empty",
		"hadrosauroidea-arenysaurus-adult-male","hadrosauroidea-arenysaurus-adult-female", "hadrosauroidea-arenysaurus-baby-male", "hadrosauroidea-arenysaurus-baby-female","hadrosauroidea-arenysaurus-nest-mature","hadrosauroidea-arenysaurus-nest-incubating","hadrosauroidea-arenysaurus-nest-empty",
		"hadrosauroidea-bonapartesaurus-adult-male","hadrosauroidea-bonapartesaurus-adult-female", "hadrosauroidea-bonapartesaurus-baby-male", "hadrosauroidea-bonapartesaurus-baby-female","hadrosauroidea-bonapartesaurus-nest-mature","hadrosauroidea-bonapartesaurus-nest-incubating","hadrosauroidea-bonapartesaurus-nest-empty",
		"hadrosauroidea-pararhabdodon-adult-male","hadrosauroidea-pararhabdodon-adult-female", "hadrosauroidea-pararhabdodon-baby-male", "hadrosauroidea-pararhabdodon-baby-female","hadrosauroidea-pararhabdodon-nest-mature","hadrosauroidea-pararhabdodon-nest-incubating","hadrosauroidea-pararhabdodon-nest-empty",
		"hadrosauroidea-telmatosaurus-adult-male","hadrosauroidea-telmatosaurus-adult-female", "hadrosauroidea-telmatosaurus-baby-male", "hadrosauroidea-telmatosaurus-baby-female","hadrosauroidea-telmatosaurus-nest-mature","hadrosauroidea-telmatosaurus-nest-incubating","hadrosauroidea-telmatosaurus-nest-empty",
		"hadrosauroidea-secernosaurus-adult-male","hadrosauroidea-secernosaurus-adult-female", "hadrosauroidea-secernosaurus-baby-male", "hadrosauroidea-secernosaurus-baby-female","hadrosauroidea-secernosaurus-nest-mature","hadrosauroidea-secernosaurus-nest-incubating","hadrosauroidea-secernosaurus-nest-empty",
		"hadrosauroidea-probactrosaurus-adult-male","hadrosauroidea-probactrosaurus-adult-female", "hadrosauroidea-probactrosaurus-baby-male", "hadrosauroidea-probactrosaurus-baby-female","hadrosauroidea-probactrosaurus-nest-mature","hadrosauroidea-probactrosaurus-nest-incubating","hadrosauroidea-probactrosaurus-nest-empty",
		"hadrosauroidea-acristavus-adult-male","hadrosauroidea-acristavus-adult-female", "hadrosauroidea-acristavus-baby-male", "hadrosauroidea-acristavus-baby-female","hadrosauroidea-acristavus-nest-mature","hadrosauroidea-acristavus-nest-incubating","hadrosauroidea-acristavus-nest-empty",
		"hadrosauroidea-kazaklambia-adult-male","hadrosauroidea-kazaklambia-adult-female", "hadrosauroidea-kazaklambia-baby-male", "hadrosauroidea-kazaklambia-baby-female","hadrosauroidea-kazaklambia-nest-mature","hadrosauroidea-kazaklambia-nest-incubating","hadrosauroidea-kazaklambia-nest-empty",
		"hadrosauroidea-tanius-adult-male","hadrosauroidea-tanius-adult-female", "hadrosauroidea-tanius-baby-male", "hadrosauroidea-tanius-baby-female","hadrosauroidea-tanius-nest-mature","hadrosauroidea-tanius-nest-incubating","hadrosauroidea-tanius-nest-empty",
		"hadrosauroidea-canardia-adult-male","hadrosauroidea-canardia-adult-female", "hadrosauroidea-canardia-baby-male", "hadrosauroidea-canardia-baby-female","hadrosauroidea-canardia-nest-mature","hadrosauroidea-canardia-nest-incubating","hadrosauroidea-canardia-nest-empty",

	  ]
    }
  ],
  "shapeByType": {
			"*-shangtungosaurus-adult-*": {"base": "entity/land/hadrosauroidea/shangtungosaurus/adult"}, "*-shangtungosaurus-baby-*": {"base": "entity/land/hadrosauroidea/shangtungosaurus/baby"},
			"*-magnapaulia-adult-*": {"base": "entity/land/hadrosauroidea/magnapaulia/adult"}, "*-magnapaulia-baby-*": {"base": "entity/land/hadrosauroidea/magnapaulia/baby"},
			"*-edmontosaurus-adult-*": {"base": "entity/land/hadrosauroidea/edmontosaurus/adult"}, "*-edmontosaurus-baby-*": {"base": "entity/land/hadrosauroidea/edmontosaurus/baby"},
			"*-hadrosaurus-adult-*": {"base": "entity/land/hadrosauroidea/hadrosaurus/adult"}, "*-hadrosaurus-baby-*": {"base": "entity/land/hadrosauroidea/hadrosaurus/baby"},
			"*-saurolophus-adult-*": {"base": "entity/land/hadrosauroidea/saurolophus/adult"}, "*-saurolophus-baby-*": {"base": "entity/land/hadrosauroidea/saurolophus/baby"},
			"*-hypacrosaurus-adult-*": {"base": "entity/land/hadrosauroidea/hypacrosaurus/adult"}, "*-hypacrosaurus-baby-*": {"base": "entity/land/hadrosauroidea/hypacrosaurus/baby"},
			"*-parasaurolophus-adult-*": {"base": "entity/land/hadrosauroidea/parasaurolophus/adult"}, "*-parasaurolophus-baby-*": {"base": "entity/land/hadrosauroidea/parasaurolophus/baby"},
			"*-charonosaurus-adult-*": {"base": "entity/land/hadrosauroidea/charonosaurus/adult"}, "*-charonosaurus-baby-*": {"base": "entity/land/hadrosauroidea/charonosaurus/baby"},
			"*-olorotitan-adult-*": {"base": "entity/land/hadrosauroidea/olorotitan/adult"}, "*-olorotitan-baby-*": {"base": "entity/land/hadrosauroidea/olorotitan/baby"},
			"*-hypsibema-adult-*": {"base": "entity/land/hadrosauroidea/hypsibema/adult"}, "*-hypsibema-baby-*": {"base": "entity/land/hadrosauroidea/hypsibema/baby"},
			"*-gryposaurus-adult-*": {"base": "entity/land/hadrosauroidea/gryposaurus/adult"}, "*-gryposaurus-baby-*": {"base": "entity/land/hadrosauroidea/gryposaurus/baby"},
			"*-lambeosaurus-adult-*": {"base": "entity/land/hadrosauroidea/lambeosaurus/adult"}, "*-lambeosaurus-baby-*": {"base": "entity/land/hadrosauroidea/lambeosaurus/baby"},
			"*-brachylophosaurus-adult-*": {"base": "entity/land/hadrosauroidea/brachylophosaurus/adult"}, "*-brachylophosaurus-baby-*": {"base": "entity/land/hadrosauroidea/brachylophosaurus/baby"},
			"*-corythosaurus-adult-*": {"base": "entity/land/hadrosauroidea/corythosaurus/adult"}, "*-corythosaurus-baby-*": {"base": "entity/land/hadrosauroidea/corythosaurus/baby"},
			"*-maiasaura-adult-*": {"base": "entity/land/hadrosauroidea/maiasaura/adult"}, "*-maiasaura-baby-*": {"base": "entity/land/hadrosauroidea/maiasaura/baby"},
			"*-barsboldia-adult-*": {"base": "entity/land/hadrosauroidea/barsboldia/adult"}, "*-barsboldia-baby-*": {"base": "entity/land/hadrosauroidea/barsboldia/baby"},
			"*-amurosaurus-adult-*": {"base": "entity/land/hadrosauroidea/amurosaurus/adult"}, "*-amurosaurus-baby-*": {"base": "entity/land/hadrosauroidea/amurosaurus/baby"},
			"*-arenysaurus-adult-*": {"base": "entity/land/hadrosauroidea/arenysaurus/adult"}, "*-arenysaurus-baby-*": {"base": "entity/land/hadrosauroidea/arenysaurus/baby"},
			"*-bonapartesaurus-adult-*": {"base": "entity/land/hadrosauroidea/bonapartesaurus/adult"}, "*-bonapartesaurus-baby-*": {"base": "entity/land/hadrosauroidea/bonapartesaurus/baby"},
			"*-pararhabdodon-adult-*": {"base": "entity/land/hadrosauroidea/pararhabdodon/adult"}, "*-pararhabdodon-baby-*": {"base": "entity/land/hadrosauroidea/pararhabdodon/baby"},
			"*-telmatosaurus-adult-*": {"base": "entity/land/hadrosauroidea/telmatosaurus/adult"}, "*-telmatosaurus-baby-*": {"base": "entity/land/hadrosauroidea/telmatosaurus/baby"},
			"*-secernosaurus-adult-*": {"base": "entity/land/hadrosauroidea/secernosaurus/adult"}, "*-secernosaurus-baby-*": {"base": "entity/land/hadrosauroidea/secernosaurus/baby"},
			"*-probactrosaurus-adult-*": {"base": "entity/land/hadrosauroidea/probactrosaurus/adult"}, "*-probactrosaurus-baby-*": {"base": "entity/land/hadrosauroidea/probactrosaurus/baby"},
			"*-acristavus-adult-*": {"base": "entity/land/hadrosauroidea/acristavus/adult"}, "*-acristavus-baby-*": {"base": "entity/land/hadrosauroidea/acristavus/baby"},
			"*-kazaklambia-adult-*": {"base": "entity/land/hadrosauroidea/kazaklambia/adult"}, "*-kazaklambia-baby-*": {"base": "entity/land/hadrosauroidea/kazaklambia/baby"},
			"*-tanius-adult-*": {"base": "entity/land/hadrosauroidea/tanius/adult"}, "*-tanius-baby-*": {"base": "entity/land/hadrosauroidea/tanius/baby"},
			"*-canardia-adult-*": {"base": "entity/land/hadrosauroidea/canardia/adult"}, "*-canardia-baby-*": {"base": "entity/land/hadrosauroidea/canardia/baby"},
			"*-nest-*":{"base": "entity/land/nest"}, "*-nest-empty":{"base": "entity/land/nest-empty"},

		},
         "textureByType": {
            "*-shangtungosaurus-adult-*":{"base": "entity/shangtungosaurus-adult"},"*-shangtungosaurus-baby-*":{"base": "entity/shangtungosaurus-adult"},
			"*-magnapaulia-adult-*":{"base": "entity/magnapaulia-adult"},"*-magnapaulia-baby-*":{"base": "entity/magnapaulia-adult"},
			"*-edmontosaurus-adult-*":{"base": "entity/edmontosaurus-adult"},"*-edmontosaurus-baby-*":{"base": "entity/edmontosaurus-adult"},
			"*-hadrosaurus-adult-*":{"base": "entity/hadrosaurus-adult"},"*-hadrosaurus-baby-*":{"base": "entity/hadrosaurus-adult"},
			"*-saurolophus-adult-*":{"base": "entity/saurolophus-adult"},"*-saurolophus-baby-*":{"base": "entity/saurolophus-adult"},
			"*-hypacrosaurus-adult-*":{"base": "entity/hypacrosaurus-adult"},"*-hypacrosaurus-baby-*":{"base": "entity/hypacrosaurus-adult"},
			"*-parasaurolophus-adult-*":{"base": "entity/parasaurolophus-adult"},"*-parasaurolophus-baby-*":{"base": "entity/parasaurolophus-adult"},
			"*-charonosaurus-adult-*":{"base": "entity/charonosaurus-adult"},"*-charonosaurus-baby-*":{"base": "entity/charonosaurus-adult"},
			"*-olorotitan-adult-*":{"base": "entity/olorotitan-adult"},"*-olorotitan-baby-*":{"base": "entity/olorotitan-adult"},
			"*-hypsibema-adult-*":{"base": "entity/hypsibema-adult"},"*-hypsibema-baby-*":{"base": "entity/hypsibema-adult"},
			"*-gryposaurus-adult-*":{"base": "entity/gryposaurus-adult"},"*-gryposaurus-baby-*":{"base": "entity/gryposaurus-adult"},
			"*-lambeosaurus-adult-*":{"base": "entity/lambeosaurus-adult"},"*-lambeosaurus-baby-*":{"base": "entity/lambeosaurus-adult"},
			"*-brachylophosaurus-adult-*":{"base": "entity/brachylophosaurus-adult"},"*-brachylophosaurus-baby-*":{"base": "entity/brachylophosaurus-adult"},
			"*-corythosaurus-adult-*":{"base": "entity/corythosaurus-adult"},"*-corythosaurus-baby-*":{"base": "entity/corythosaurus-adult"},
			"*-maiasaura-adult-*":{"base": "entity/maiasaura-adult"},"*-maiasaura-baby-*":{"base": "entity/maiasaura-adult"},
			"*-barsboldia-adult-*":{"base": "entity/barsboldia-adult"},"*-barsboldia-baby-*":{"base": "entity/barsboldia-adult"},
			"*-amurosaurus-adult-*":{"base": "entity/amurosaurus-adult"},"*-amurosaurus-baby-*":{"base": "entity/amurosaurus-adult"},
			"*-arenysaurus-adult-*":{"base": "entity/arenysaurus-adult"},"*-arenysaurus-baby-*":{"base": "entity/arenysaurus-adult"},
			"*-bonapartesaurus-adult-*":{"base": "entity/bonapartesaurus-adult"},"*-bonapartesaurus-baby-*":{"base": "entity/bonapartesaurus-adult"},
			"*-pararhabdodon-adult-*":{"base": "entity/pararhabdodon-adult"},"*-pararhabdodon-baby-*":{"base": "entity/pararhabdodon-adult"},
			"*-telmatosaurus-adult-*":{"base": "entity/telmatosaurus-adult"},"*-telmatosaurus-baby-*":{"base": "entity/telmatosaurus-adult"},
			"*-secernosaurus-adult-*":{"base": "entity/secernosaurus-adult"},"*-secernosaurus-baby-*":{"base": "entity/secernosaurus-adult"},
			"*-probactrosaurus-adult-*":{"base": "entity/probactrosaurus-adult"},"*-probactrosaurus-baby-*":{"base": "entity/probactrosaurus-adult"},
			"*-acristavus-adult-*":{"base": "entity/acristavus-adult"},"*-acristavus-baby-*":{"base": "entity/acristavus-adult"},
			"*-kazaklambia-adult-*":{"base": "entity/kazaklambia-adult"},"*-kazaklambia-baby-*":{"base": "entity/kazaklambia-adult"},
			"*-tanius-adult-*":{"base": "entity/tanius-adult"},"*-tanius-baby-*":{"base": "entity/tanius-adult"},
			"*-canardia-adult-*":{"base": "entity/canardia-adult"},"*-canardia-baby-*":{"base": "entity/canardia-adult"},
        },

  "creativeinventory": { "general": ["*"], "items": ["*"], "creatures": ["*"] },
	"materialDensity": 600,
	"guiTransformByType": {
		"*-baby-*": {
			"rotate": true,
			"translation": { "x": -20, "y": -15, "z": 0 },
			"rotation": { "x": -11, "y": -52, "z": -180 },
			"origin": { "x": 1.5, "y": 1.5, "z": 1.5 },
			"scale": 0.7
		},
		"creature-hadrosauroidea-*": {
			"rotate": true,
			"translation": { "x": -10, "y": 0, "z": 0 },
			"rotation": { "x": -11, "y": -52, "z": -180 },
			"origin": { "x": 1.5, "y": 1.5, "z": 1.5 },
			"scale": 0.3
		},

	},

	"tpHandTransformByType": {
		"*-baby-*": {
			"translation": { "x": -0.51, "y": -0.2, "z": -0.7 },
			"rotation": { "x": 53, "y": -165, "z": 77 },
			"origin": { "x": 0, "y": 0, "z": 0 },
			"scale": 0.25
		},
		"creature-hadrosauroidea-*": {
			"translation": { "x": -4, "y": -5, "z": -2 },
			"rotation": { "x": -180, "y": 0, "z": -156 },
			"scale": 0.15
		}
	},

	"fpHandTransformByType": {
		"creature-hadrosauroidea-*": {
			"translation": { "x": -5, "y": -5, "z": 0 },
			"rotation": { "x": -8, "y": -63, "z": -7 }
		}
	}
}
